filename,character,id,description
PO.S1.E1.C01 Bridge During War.mp4,Piltover,PO.S1.E1.C01,Bridge During War
PO.S1.E1.C02 Bridge War Enforcer.mp4,Piltover,PO.S1.E1.C02,Bridge War Enforcer
PD.S1.E1.C03 Vi and Powder Intro.mp4,Powder,PD.S1.E1.C03,Vi and Powder Intro
VD.S1.E1.C04 Vander Meets Vi Pow on Bridge.mp4,Vander,VD.S1.E1.C04,Vander Meets Vi Pow on Bridge
VI.S1.E1.C05 Vi and Powder Intro.mp4,Vi,VI.S1.E1.C05,Vi and Powder Intro
VI.S1.E1.C06 Vi Sees Dead Parents.mp4,Vi,VI.S1.E1.C06,Vi Sees Dead Parents
VI.S1.E1.C07 Vi looks angrily at Enforcers and Piltover.mp4,Vi,VI.S1.E1.C07,Vi looks angrily at Enforcers and Piltover
MY.S1.E1.C08 Mylo Picks Lock And Fails_1.mp4,Mylo,MY.S1.E1.C08,Mylo Picks Lock And Fails_1
PD.S1.E1.C09 Powder Beautiful Shot + Powder Jumps Over Chasm.mp4,Powder,PD.S1.E1.C09,Powder Beautiful Shot + Powder Jumps Over Chasm
VD.S1.E1.C10 Vander Meets Vi Pow on Bridge.mp4,Vander,VD.S1.E1.C10,Vander Meets Vi Pow on Bridge
VD.S1.E1.C11 Vander Meets Vi Pow on Bridge.mp4,Vander,VD.S1.E1.C11,Vander Meets Vi Pow on Bridge
VI.S1.E1.C12 Vi Gang Climb on Roof and Gaze at Piltover.mp4,Vi,VI.S1.E1.C12,Vi Gang Climb on Roof and Gaze at Piltover
VI.S1.E1.C13 Vi Gang Jump Over Chasm.mp4,Vi,VI.S1.E1.C13,Vi Gang Jump Over Chasm
VI.S1.E1.C14 Vi Gang Break Into Jayce's Lab.mp4,Vi,VI.S1.E1.C14,Vi Gang Break Into Jayce's Lab
PO.S1.E1.C15 Piltover Building Blows Up.mp4,Piltover,PO.S1.E1.C15,Piltover Building Blows Up
PD.S1.E1.C16 Powder Looks at Tech in Jayce's Lab.mp4,Powder,PD.S1.E1.C16,Powder Looks at Tech in Jayce's Lab
PD.S1.E1.C17 Powder Beautiful Shot Looking at Hex Crystal.mp4,Powder,PD.S1.E1.C17,Powder Beautiful Shot Looking at Hex Crystal
PD.S1.E1.C18 Powder Finds Hextech.mp4,Powder,PD.S1.E1.C18,Powder Finds Hextech
PD.S1.E1.C19 Powder Blows Up Jayce's Lab.mp4,Powder,PD.S1.E1.C19,Powder Blows Up Jayce's Lab
VI.S1.E1.C20 Vi Gang In Jayce's Lab Looking At Tech.mp4,Vi,VI.S1.E1.C20,Vi Gang In Jayce's Lab Looking At Tech
VI.S1.E1.C21 Vi Gang Hears Jayce About To Enter.mp4,Vi,VI.S1.E1.C21,Vi Gang Hears Jayce About To Enter
EF.S1.E1.C22 Enforcers Throw Net.mp4,Enforcers,EF.S1.E1.C22,Enforcers Throw Net
EF.S1.E1.C23 Enforcers Fall When Running Across Bridge.mp4,Enforcers,EF.S1.E1.C23,Enforcers Fall When Running Across Bridge
PO.S1.E1.C24 Enforcers Throw Net.mp4,Piltover,PO.S1.E1.C24,Enforcers Throw Net
PO.S1.E1.C25 Enforcers Fall When Running Across Bridge.mp4,Piltover,PO.S1.E1.C25,Enforcers Fall When Running Across Bridge
VI.S1.E1.C26 Vi Gang Escape From Piltover While Chased By Enforcers.mp4,Vi,VI.S1.E1.C26,Vi Gang Escape From Piltover While Chased By Enforcers
VI.S1.E1.C27 VI Gang Cross Bridge.mp4,Vi,VI.S1.E1.C27,VI Gang Cross Bridge
VI.S1.E1.C28 Vi Gang Throw Off Enforcers During Chase.mp4,Vi,VI.S1.E1.C28,Vi Gang Throw Off Enforcers During Chase
VI.S1.E1.C29 Vi Gang Jump Down Sewer.mp4,Vi,VI.S1.E1.C29,Vi Gang Jump Down Sewer
DK.S1.E1.C30 Deckard Stops Vi's Gang.mp4,Deckard,DK.S1.E1.C30,Deckard Stops Vi's Gang
DK.S1.E1.C31 Dekard Tries to Threaten Vi With Knife and Runs Away.mp4,Deckard,DK.S1.E1.C31,Dekard Tries to Threaten Vi With Knife and Runs Away
MY.S1.E1.C32 Mylo Roasts Powder for Losing Everything_1.mp4,Mylo,MY.S1.E1.C32,Mylo Roasts Powder for Losing Everything_1
MY.S1.E1.C33 Mylo Roasts Powder Again for Losing Everything_1.mp4,Mylo,MY.S1.E1.C33,Mylo Roasts Powder Again for Losing Everything_1
PD.S1.E1.C34 Powder's Bomb Fails.mp4,Powder,PD.S1.E1.C34,Powder's Bomb Fails
PD.S1.E1.C35 Powder Throws Bag Into Water.mp4,Powder,PD.S1.E1.C35,Powder Throws Bag Into Water
PD.S1.E1.C36 Powder Gets Roasted by Myle for Losing Everything.mp4,Powder,PD.S1.E1.C36,Powder Gets Roasted by Myle for Losing Everything
VI.S1.E1.C37 Vi Gang Stopped By Deckard.mp4,Vi,VI.S1.E1.C37,Vi Gang Stopped By Deckard
VI.S1.E1.C38 Vi Gang Fight Deckard Gang.mp4,Vi,VI.S1.E1.C38,Vi Gang Fight Deckard Gang
VI.S1.E1.C39 Vi Shows Deckard Who Has Balls.mp4,Vi,VI.S1.E1.C39,Vi Shows Deckard Who Has Balls
VI.S1.E1.C40 Vi Gang Sad; Beaten Up; with Nothing left.mp4,Vi,VI.S1.E1.C40,Vi Gang Sad; Beaten Up; with Nothing left
VI.S1.E1.C41 Vi Gang Take Elevator Into Zaun.mp4,Vi,VI.S1.E1.C41,Vi Gang Take Elevator Into Zaun
VD.S1.E1.C42 Vander Smokes A Pipe Very Cool.mp4,Vander,VD.S1.E1.C42,Vander Smokes A Pipe Very Cool
VD.S1.E1.C43 Vander Intimidates Scammers.mp4,Vander,VD.S1.E1.C43,Vander Intimidates Scammers
ZN.S1.E1.C44 Inside the Last Drop.mp4,Zaun,ZN.S1.E1.C44,Inside the Last Drop
ZN.S1.E1.C45 A business deal within Zaun.mp4,Zaun,ZN.S1.E1.C45,A business deal within Zaun
MY.S1.E1.C46 Mylo Roasted by Vi for big mouth_1.mp4,Mylo,MY.S1.E1.C46,Mylo Roasted by Vi for big mouth_1
PD.S1.E1.C47 Powder Finds Hex Crystals and Goes to show vi.mp4,Powder,PD.S1.E1.C47,Powder Finds Hex Crystals and Goes to show vi
PD.S1.E1.C48 Powder Overhears Mylo and Vi Talking About Her.mp4,Powder,PD.S1.E1.C48,Powder Overhears Mylo and Vi Talking About Her
PD.S1.E1.C49 Powder gets sad and runs away when eavesdropping.mp4,Powder,PD.S1.E1.C49,Powder gets sad and runs away when eavesdropping
VD.S1.E1.C50 Vander Roasts Kids For Going Into Piltover.mp4,Vander,VD.S1.E1.C50,Vander Roasts Kids For Going Into Piltover
VD.S1.E1.C51 Vander Roasts Vi and Kicks everyone out.mp4,Vander,VD.S1.E1.C51,Vander Roasts Vi and Kicks everyone out
VD.S1.E1.C52 Vander has a Heart to Heart With Vias he Patches her up.mp4,Vander,VD.S1.E1.C52,Vander has a Heart to Heart With Vias he Patches her up
VD.S1.E1.C53 Vander Roasts Mylo and Takes Claggor.mp4,Vander,VD.S1.E1.C53,Vander Roasts Mylo and Takes Claggor
VI.S1.E1.C54 Vi Gang Go Back To Their Base.mp4,Vi,VI.S1.E1.C54,Vi Gang Go Back To Their Base
VI.S1.E1.C55 Vi Gang Roasted by Vander For Going Into Piltover.mp4,Vi,VI.S1.E1.C55,Vi Gang Roasted by Vander For Going Into Piltover
VI.S1.E1.C56 Vi roasted by Vander and he Kicks everyone out.mp4,Vi,VI.S1.E1.C56,Vi roasted by Vander and he Kicks everyone out
VI.S1.E1.C57 Vi has a Heart to Heart With Vander as he Patches her up.mp4,Vi,VI.S1.E1.C57,Vi has a Heart to Heart With Vander as he Patches her up
VI.S1.E1.C58 Vi Roasts Mylo for big mouth.mp4,Vi,VI.S1.E1.C58,Vi Roasts Mylo for big mouth
EK.S1.E1.C59 Ekko gets introduced.mp4,Ekko,EK.S1.E1.C59,Ekko gets introduced
EK.S1.E1.C60 Ekko talks to Claggor.mp4,Ekko,EK.S1.E1.C60,Ekko talks to Claggor
EK.S1.E1.C61 Ekko spies on Vander and Enforcers.mp4,Ekko,EK.S1.E1.C61,Ekko spies on Vander and Enforcers
EF.S1.E1.C62 Enforcers Enter Benzo's Shop.mp4,Enforcers,EF.S1.E1.C62,Enforcers Enter Benzo's Shop
EF.S1.E1.C63 Enforcer underground deal with Vander.mp4,Enforcers,EF.S1.E1.C63,Enforcer underground deal with Vander
MC.S1.E1.C64 Marcus gets kicked out of Benzo's Shop.mp4,Marcus,MC.S1.E1.C64,Marcus gets kicked out of Benzo's Shop
VD.S1.E1.C65 Vander Goes to Benzo's Shop with Claggor.mp4,Vander,VD.S1.E1.C65,Vander Goes to Benzo's Shop with Claggor
VD.S1.E1.C66 Vander Talks to Benzo.mp4,Vander,VD.S1.E1.C66,Vander Talks to Benzo
VD.S1.E1.C67 Vander clutches his scar from Silco.mp4,Vander,VD.S1.E1.C67,Vander clutches his scar from Silco
VD.S1.E1.C68 Vander underground deal with Enforcers.mp4,Vander,VD.S1.E1.C68,Vander underground deal with Enforcers
PD.S1.E1.C69 Powder draws on grenade.mp4,Powder,PD.S1.E1.C69,Powder draws on grenade
PD.S1.E1.C70 Powder tells Vi about hex crystals.mp4,Powder,PD.S1.E1.C70,Powder tells Vi about hex crystals
VI.S1.E1.C71 Vi tries to cheer up Powder.mp4,Vi,VI.S1.E1.C71,Vi tries to cheer up Powder
VI.S1.E1.C72 Vi tells Powder about Zaun.mp4,Vi,VI.S1.E1.C72,Vi tells Powder about Zaun
VI.S1.E1.C73 Vi hugs Powder; Cute Shot.mp4,Vi,VI.S1.E1.C73,Vi hugs Powder; Cute Shot
VI.S1.E1.C74 Vi and Powder look up at Piltover; Beautiful Shot.mp4,Vi,VI.S1.E1.C74,Vi and Powder look up at Piltover; Beautiful Shot
ZN.S1.E1.C75 Zaun at night.mp4,Zaun,ZN.S1.E1.C75,Zaun at night
DK.S1.E1.C76 Deckard gets threatened by Silco.mp4,Deckard,DK.S1.E1.C76,Deckard gets threatened by Silco
SC.S1.E1.C77 Silco introduction.mp4,Silco,SC.S1.E1.C77,Silco introduction
XX.S1.E1.C78 Singed and Silco shimmer experiment.mp4,Singed,XX.S1.E1.C78,Singed and Silco shimmer experiment
JC.S1.E2.C01 Jayce introduction; gets knocked out by explosion.mp4,Jayce,JC.S1.E2.C01,Jayce introduction; gets knocked out by explosion
JC.S1.E2.C02 Jayce flashback; mom collapses from cold.mp4,Jayce,JC.S1.E2.C02,Jayce flashback; mom collapses from cold
JC.S1.E2.C03 Jayce gets saved and teleported by mage.mp4,Jayce,JC.S1.E2.C03,Jayce gets saved and teleported by mage
JC.S1.E2.C04 Jayce gets inspired by mage and receives crystal.mp4,Jayce,JC.S1.E2.C04,Jayce gets inspired by mage and receives crystal
JC.S1.E2.C05 Jayce gets quesitoned and arrested in blown up laboratory.mp4,Jayce,JC.S1.E2.C05,Jayce gets quesitoned and arrested in blown up laboratory
VT.S1.E2.C06 Viktor introduction in Jayce's lab; talks about assistant dean.mp4,Viktor,VT.S1.E2.C06,Viktor introduction in Jayce's lab; talks about assistant dean
HM.S1.E2.C07 Heimerdinger introduction; meets Jayce in prison.mp4,Heimerdinger,HM.S1.E2.C07,Heimerdinger introduction; meets Jayce in prison
JC.S1.E2.C08 Jayce talks to Heimerdinger about magic is bad.mp4,Jayce,JC.S1.E2.C08,Jayce talks to Heimerdinger about magic is bad
EF.S1.E2.C09 Enforcer police brutality.mp4,Enforcers,EF.S1.E2.C09,Enforcer police brutality
EF.S1.E2.C10 Enforcers fail to catch kids.mp4,Enforcers,EF.S1.E2.C10,Enforcers fail to catch kids
ML.S1.E2.C11 Mel introduction.mp4,Mel,ML.S1.E2.C11,Mel introduction
PO.S1.E2.C12 Kiramanns introduced.mp4,Piltover,PO.S1.E2.C12,Kiramanns introduced
PD.S1.E2.C13 Powder showcases aimlabs; shooting skills.mp4,Powder,PD.S1.E2.C13,Powder showcases aimlabs; shooting skills
VI.S1.E2.C14 Vi uses boxing machine.mp4,Vi,VI.S1.E2.C14,Vi uses boxing machine
VI.S1.E2.C15 Vi gang run from enforcers.mp4,Vi,VI.S1.E2.C15,Vi gang run from enforcers
ZN.S1.E2.C16 Zaunite gets throws through window by Enforcers.mp4,Zaun,ZN.S1.E2.C16,Zaunite gets throws through window by Enforcers
SV.S1.E2.C17 Sevika pressures Vander.mp4,Sevika,SV.S1.E2.C17,Sevika pressures Vander
VD.S1.E2.C18 Vander cool shot smoking and lectured Zaun about peace.mp4,Vander,VD.S1.E2.C18,Vander cool shot smoking and lectured Zaun about peace
VI.S1.E2.C19 Vi gang want to fight and find out about Vander's deal.mp4,Vi,VI.S1.E2.C19,Vi gang want to fight and find out about Vander's deal
ZN.S1.E2.C20 Zaun wants to fight.mp4,Zaun,ZN.S1.E2.C20,Zaun wants to fight
HM.S1.E2.C21 Heimerdinger ptsd moment; magic bad.mp4,Heimerdinger,HM.S1.E2.C21,Heimerdinger ptsd moment; magic bad
JC.S1.E2.C22 Jayce gets mad at his mom.mp4,Jayce,JC.S1.E2.C22,Jayce gets mad at his mom
JC.S1.E2.C23 Jayce trial begins.mp4,Jayce,JC.S1.E2.C23,Jayce trial begins
JC.S1.E2.C24 Jayce defends magic at his trial.mp4,Jayce,JC.S1.E2.C24,Jayce defends magic at his trial
JC.S1.E2.C25 Jayce gets expelled from the academy.mp4,Jayce,JC.S1.E2.C25,Jayce gets expelled from the academy
PO.S1.E2.C26 Piltover's Council introduced.mp4,Piltover,PO.S1.E2.C26,Piltover's Council introduced
HM.S1.E2.C27 Heimerdinger disappointed with Viktor.mp4,Heimerdinger,HM.S1.E2.C27,Heimerdinger disappointed with Viktor
VT.S1.E2.C28 Viktor talks to Heimerdinger; steals Jayce notes.mp4,Viktor,VT.S1.E2.C28,Viktor talks to Heimerdinger; steals Jayce notes
DK.S1.E2.C29 Deckard gets peer pressured into taking shimmer.mp4,Deckard,DK.S1.E2.C29,Deckard gets peer pressured into taking shimmer
DK.S1.E2.C30 Deckard takes shimmer and turns into monster.mp4,Deckard,DK.S1.E2.C30,Deckard takes shimmer and turns into monster
SC.S1.E2.C31 Silco lectures Deckard about strength power and monsters.mp4,Silco,SC.S1.E2.C31,Silco lectures Deckard about strength power and monsters
CL.S1.E2.C32 Caitlyn umbrella in the rain.mp4,Caitlyn,CL.S1.E2.C32,Caitlyn umbrella in the rain
JC.S1.E2.C33 Jayce sad in the rain.mp4,Jayce,JC.S1.E2.C33,Jayce sad in the rain
EF.S1.E2.C34 Enforcers told to destroy Zaun.mp4,Enforcers,EF.S1.E2.C34,Enforcers told to destroy Zaun
PO.S1.E2.C35 Council crack down on Zaun.mp4,Piltover,PO.S1.E2.C35,Council crack down on Zaun
MC.S1.E2.C36 Marcus confronts Vander.mp4,Marcus,MC.S1.E2.C36,Marcus confronts Vander
VD.S1.E2.C37 Vander deals with Enforcers.mp4,Vander,VD.S1.E2.C37,Vander deals with Enforcers
VI.S1.E2.C38 Vi gang hide from Enforcer.mp4,Vi,VI.S1.E2.C38,Vi gang hide from Enforcer
VI.S1.E2.C39 Vi wants Vander to fight.mp4,Vi,VI.S1.E2.C39,Vi wants Vander to fight
VI.S1.E2.C40 Vi gets talked down by Vander.mp4,Vi,VI.S1.E2.C40,Vi gets talked down by Vander
VI.S1.E2.C41 Vi learns peace from Vander.mp4,Vi,VI.S1.E2.C41,Vi learns peace from Vander
ZN.S1.E2.C42 Zaun bridge at night.mp4,Zaun,ZN.S1.E2.C42,Zaun bridge at night
JC.S1.E2.C43 Jayce depressed and meets Viktor.mp4,Jayce,JC.S1.E2.C43,Jayce depressed and meets Viktor
VT.S1.E2.C44 Viktor inspires Jayce.mp4,Viktor,VT.S1.E2.C44,Viktor inspires Jayce
MC.S1.E2.C45 Marcus told off by Greyson.mp4,Marcus,MC.S1.E2.C45,Marcus told off by Greyson
PD.S1.E2.C46 Powder gets encouragement from Vi.mp4,Powder,PD.S1.E2.C46,Powder gets encouragement from Vi
VI.S1.E2.C47 Vi says what makes you different makes you strong.mp4,Vi,VI.S1.E2.C47,Vi says what makes you different makes you strong
PD.S1.E2.C48 Powder sad with Vander.mp4,Powder,PD.S1.E2.C48,Powder sad with Vander
VD.S1.E2.C49 Vander pours Powder a drink.mp4,Vander,VD.S1.E2.C49,Vander pours Powder a drink
VI.S1.E2.C50 Vi turns herself in to Enforcers.mp4,Vi,VI.S1.E2.C50,Vi turns herself in to Enforcers
SC.S1.E3.C01 Silco drowned by Vander.mp4,Silco,SC.S1.E3.C01,Silco drowned by Vander
SC.S1.E3.C02 Silco drowns peacefully.mp4,Silco,SC.S1.E3.C02,Silco drowns peacefully
SC.S1.E3.C03 Silco attacks Vander and Enforcers.mp4,Silco,SC.S1.E3.C03,Silco attacks Vander and Enforcers
SC.S1.E3.C04 Silco captures Vander.mp4,Silco,SC.S1.E3.C04,Silco captures Vander
VD.S1.E3.C05 Vander protects Vi from enforcers.mp4,Vander,VD.S1.E3.C05,Vander protects Vi from enforcers
VD.S1.E3.C06 Vander gives himself up.mp4,Vander,VD.S1.E3.C06,Vander gives himself up
VI.S1.E3.C07 Vi cries and bangs door.mp4,Vi,VI.S1.E3.C07,Vi cries and bangs door
VI.S1.E3.C08 Vi cries and hugs Ekko.mp4,Vi,VI.S1.E3.C08,Vi cries and hugs Ekko
JC.S1.E3.C09 Jayce and Victor do science.mp4,Jayce,JC.S1.E3.C09,Jayce and Victor do science
VT.S1.E3.C10 Viktor and Jayce do science.mp4,Viktor,VT.S1.E3.C10,Viktor and Jayce do science
ZN.S1.E3.C11 Silco's lair.mp4,Zaun,ZN.S1.E3.C11,Silco's lair
JC.S1.E3.C12 Jayce tries to sneak.mp4,Jayce,JC.S1.E3.C12,Jayce tries to sneak
ML.S1.E3.C13 Mel catches Jayce and Viktor.mp4,Mel,ML.S1.E3.C13,Mel catches Jayce and Viktor
SV.S1.E3.C14 Sevika smokes a cigar.mp4,Sevika,SV.S1.E3.C14,Sevika smokes a cigar
SC.S1.E3.C15 Silco talks to Vander.mp4,Silco,SC.S1.E3.C15,Silco talks to Vander
SC.S1.E3.C16 Silco talks to Vander about shimmer.mp4,Silco,SC.S1.E3.C16,Silco talks to Vander about shimmer
VD.S1.E3.C17 Vandertalks to Silco.mp4,Vander,VD.S1.E3.C17,Vandertalks to Silco
VD.S1.E3.C18 Vander learns about shimmer.mp4,Vander,VD.S1.E3.C18,Vander learns about shimmer
JC.S1.E3.C19 Jayce and Victor stabilize hex crystal.mp4,Jayce,JC.S1.E3.C19,Jayce and Victor stabilize hex crystal
JC.S1.E3.C20 Jayce and Victor hex experiement goes wrong.mp4,Jayce,JC.S1.E3.C20,Jayce and Victor hex experiement goes wrong
VI.S1.E3.C21 Vi teels gang about Vander.mp4,Vi,VI.S1.E3.C21,Vi teels gang about Vander
VI.S1.E3.C22 Vi tells Powder not to come.mp4,Vi,VI.S1.E3.C22,Vi tells Powder not to come
VT.S1.E3.C23 Viktor and Jayce stabilize hex crystal.mp4,Viktor,VT.S1.E3.C23,Viktor and Jayce stabilize hex crystal
VT.S1.E3.C24 Viktor and Jayce hex experiement goes wrong.mp4,Viktor,VT.S1.E3.C24,Viktor and Jayce hex experiement goes wrong
PD.S1.E3.C25 Powder mental breakdown.mp4,Powder,PD.S1.E3.C25,Powder mental breakdown
PD.S1.E3.C26 Powder understands hex crystal.mp4,Powder,PD.S1.E3.C26,Powder understands hex crystal
VI.S1.E3.C27 Vi gang get to Vander.mp4,Vi,VI.S1.E3.C27,Vi gang get to Vander
VI.S1.E3.C28 Vi fights Silco men.mp4,Vi,VI.S1.E3.C28,Vi fights Silco men
VI.S1.E3.C29 Vi runs from Deckard.mp4,Vi,VI.S1.E3.C29,Vi runs from Deckard
DK.S1.E3.C30 Deckard takes shimmer again; fights Vi; and blows up.mp4,Deckard,DK.S1.E3.C30,Deckard takes shimmer again; fights Vi; and blows up
HM.S1.E3.C31 Heimerdinger tries to stop hextech.mp4,Heimerdinger,HM.S1.E3.C31,Heimerdinger tries to stop hextech
JC.S1.E3.C32 Jayce completes Hextech.mp4,Jayce,JC.S1.E3.C32,Jayce completes Hextech
JC.S1.E3.C33 Jayce invents Hextech.mp4,Jayce,JC.S1.E3.C33,Jayce invents Hextech
MY.S1.E3.C34 Mylo and Claggor die.mp4,Mylo,MY.S1.E3.C34,Mylo and Claggor die
PD.S1.E3.C35 Powder uses monkey bomb and gets inspired.mp4,Powder,PD.S1.E3.C35,Powder uses monkey bomb and gets inspired
PD.S1.E3.C36 Powder uses monkey bomb.mp4,Powder,PD.S1.E3.C36,Powder uses monkey bomb
SV.S1.E3.C37 Sevika loses her arm.mp4,Sevika,SV.S1.E3.C37,Sevika loses her arm
XX.S1.E3.C38 Singed gets combusted.mp4,Singed,XX.S1.E3.C38,Singed gets combusted
VI.S1.E3.C39 Vi gang and Vander almost escape.mp4,Vi,VI.S1.E3.C39,Vi gang and Vander almost escape
MC.S1.E3.C40 Marcus looks at explosion.mp4,Marcus,MC.S1.E3.C41,Marcus looks at explosion
VT.S1.E3.C41 Viktor flies because of Hextech.mp4,Viktor,VT.S1.E3.C41,Viktor flies because of Hextech
DK.S1.E3.C42 Deckard vs Vander.mp4,Deckard,DK.S1.E3.C42,Deckard vs Vander
DK.S1.E3.C43 Deckard killed by Vander.mp4,Deckard,DK.S1.E3.C43,Deckard killed by Vander
VD.S1.E3.C44 Vander fights.mp4,Vander,VD.S1.E3.C44,Vander fights
VD.S1.E3.C45 Vander gets killed by Silco.mp4,Vander,VD.S1.E3.C45,Vander gets killed by Silco
VD.S1.E3.C46 Vander takes shimmer.mp4,Vander,VD.S1.E3.C46,Vander takes shimmer
VD.S1.E3.C47 Vander shimmer monster saves Vi.mp4,Vander,VD.S1.E3.C47,Vander shimmer monster saves Vi
VI.S1.E3.C48 Vi traumatized.mp4,Vi,VI.S1.E3.C48,Vi traumatized
SC.S1.E3.C49 Silco kills Vander.mp4,Silco,SC.S1.E3.C49,Silco kills Vander
VD.S1.E3.C50 Vander dies.mp4,Vander,VD.S1.E3.C50,Vander dies
VI.S1.E3.C51 Vi makes Jinx.mp4,Vi,VI.S1.E3.C51,Vi makes Jinx
VI.S1.E3.C52 Vi hears Vander last words.mp4,Vi,VI.S1.E3.C52,Vi hears Vander last words
VI.S1.E3.C53 Vi yells at Powder.mp4,Vi,VI.S1.E3.C53,Vi yells at Powder
VI.S1.E3.C54 Vi gets kidnapped.mp4,Vi,VI.S1.E3.C54,Vi gets kidnapped
PD.S1.E3.C55 Powder becomes Jinx; gets adopted.mp4,Powder,PD.S1.E3.C55,Powder becomes Jinx; gets adopted
SC.S1.E3.C56 Silco finds Powder.mp4,Silco,SC.S1.E3.C56,Silco finds Powder
HM.S1.E4.C01 Heimerdinger talks to Jayce about history.mp4,Heimerdinger,HM.S1.E4.C01,Heimerdinger talks to Jayce about history
JC.S1.E4.C02 Jayce invited by Heimerdinger for speech.mp4,Jayce,JC.S1.E4.C02,Jayce invited by Heimerdinger for speech
PO.S1.E4.C03 Piltover post-timsekip.mp4,Piltover,PO.S1.E4.C03,Piltover post-timsekip
PO.S1.E4.C04 Hexgate.mp4,Piltover,PO.S1.E4.C04,Hexgate
CL.S1.E4.C05 Caitlyn timeskip introduction talk with Jayce.mp4,Caitlyn,CL.S1.E4.C05,Caitlyn timeskip introduction talk with Jayce
PO.S1.E4.C06 Progress day.mp4,Piltover,PO.S1.E4.C06,Progress day
FL.S1.E4.C07 Firelights raid shimmer smuggling airship.mp4,Firelights,FL.S1.E4.C07,Firelights raid shimmer smuggling airship
FL.S1.E4.C08 Firelights killed by Jinx.mp4,Firelights,FL.S1.E4.C08,Firelights killed by Jinx
FL.S1.E4.C09 Firelights fight Jinx.mp4,Firelights,FL.S1.E4.C09,Firelights fight Jinx
JX.S1.E4.C10 Jinx introduction.mp4,Jinx,JX.S1.E4.C10,Jinx introduction
JX.S1.E4.C11 Jinx vs Firelights.mp4,Jinx,JX.S1.E4.C11,Jinx vs Firelights
JX.S1.E4.C12 Jinx mental breakdown; shoots everywhere.mp4,Jinx,JX.S1.E4.C12,Jinx mental breakdown; shoots everywhere
PO.S1.E4.C13 Shimmer gets smuggled on airship.mp4,Piltover,PO.S1.E4.C13,Shimmer gets smuggled on airship
SV.S1.E4.C14 Sevika mad at Jinx.mp4,Sevika,SV.S1.E4.C14,Sevika mad at Jinx
HM.S1.E4.C15 Heimerdinger wants Hextech safeguards.mp4,Heimerdinger,HM.S1.E4.C15,Heimerdinger wants Hextech safeguards
JC.S1.E4.C16 Jayce looks at Hexgem.mp4,Jayce,JC.S1.E4.C16,Jayce looks at Hexgem
JC.S1.E4.C17 Jayce shows Hexgem.mp4,Jayce,JC.S1.E4.C17,Jayce shows Hexgem
JC.S1.E4.C18 Jayce introduces new hextech.mp4,Jayce,JC.S1.E4.C18,Jayce introduces new hextech
JC.S1.E4.C19 Jayce uses Hex gauntlets to break rock.mp4,Jayce,JC.S1.E4.C19,Jayce uses Hex gauntlets to break rock
VT.S1.E4.C20 Viktor uses Hex claw.mp4,Viktor,VT.S1.E4.C20,Viktor uses Hex claw
VT.S1.E4.C21 Viktor pleads Heimerdinger for progress.mp4,Viktor,VT.S1.E4.C21,Viktor pleads Heimerdinger for progress
CL.S1.E4.C22 Caitlyn investigates.mp4,Caitlyn,CL.S1.E4.C22,Caitlyn investigates
CL.S1.E4.C23 Caitlyn interrogates.mp4,Caitlyn,CL.S1.E4.C23,Caitlyn interrogates
JX.S1.E4.C25 Jinx and Silco talk.mp4,Jinx,JX.S1.E4.C25,Jinx and Silco talk
MC.S1.E4.C24 Marcus lectures Caitlyn.mp4,Marcus,MC.S1.E4.C25,Marcus lectures Caitlyn
SV.S1.E4.C26 Sevika lectured by Silco.mp4,Sevika,SV.S1.E4.C26,Sevika lectured by Silco
SC.S1.E4.C27 Silco chills in his room.mp4,Silco,SC.S1.E4.C27,Silco chills in his room
SC.S1.E4.C28 Silco lectures Jinx.mp4,Silco,SC.S1.E4.C28,Silco lectures Jinx
SC.S1.E4.C29 Silco takes shimmer medicine.mp4,Silco,SC.S1.E4.C29,Silco takes shimmer medicine
ZN.S1.E4.C30 Zaun introduction post timeskip.mp4,Zaun,ZN.S1.E4.C30,Zaun introduction post timeskip
ML.S1.E4.C31 Mel party.mp4,Mel,ML.S1.E4.C31,Mel party
ML.S1.E4.C32 Mel into Jayce.mp4,Mel,ML.S1.E4.C32,Mel into Jayce
PO.S1.E4.C33 Sunset; Jayce advertisement.mp4,Piltover,PO.S1.E4.C33,Sunset; Jayce advertisement
JX.S1.E4.C34 Jinx throws bombs in her tower hideout.mp4,Jinx,JX.S1.E4.C34,Jinx throws bombs in her tower hideout
JC.S1.E4.C35 Jayce famous; begins speech.mp4,Jayce,JC.S1.E4.C35,Jayce famous; begins speech
JC.S1.E4.C36 Jayce celebrates Piltover.mp4,Jayce,JC.S1.E4.C36,Jayce celebrates Piltover
PO.S1.E4.C37 Hexgate at night.mp4,Piltover,PO.S1.E4.C37,Hexgate at night
VT.S1.E4.C38 Viktor in shadows.mp4,Viktor,VT.S1.E4.C38,Viktor in shadows
CL.S1.E4.C39 Caitlyn talks with Enforcers.mp4,Caitlyn,CL.S1.E4.C39,Caitlyn talks with Enforcers
CL.S1.E4.C40 Caitlyn gets blown up.mp4,Caitlyn,CL.S1.E4.C40,Caitlyn gets blown up
EF.S1.E4.C41 Enforcers die in fire.mp4,Enforcers,EF.S1.E4.C41,Enforcers die in fire
JC.S1.E4.C42 Jayce becomes councilor.mp4,Jayce,JC.S1.E4.C42,Jayce becomes councilor
ML.S1.E4.C43 Mel manipulates council.mp4,Mel,ML.S1.E4.C43,Mel manipulates council
HM.S1.E4.C44 Heimerdinger sad about terrorism.mp4,Heimerdinger,HM.S1.E4.C44,Heimerdinger sad about terrorism
JX.S1.E4.C45 Jinx scolded by Silco; gives hexgem.mp4,Jinx,JX.S1.E4.C45,Jinx scolded by Silco; gives hexgem
JX.S1.E4.C46 Jinx fireworks.mp4,Jinx,JX.S1.E4.C46,Jinx fireworks
PO.S1.E4.C47 Jinx vandalism.mp4,Piltover,PO.S1.E4.C47,Jinx vandalism
CL.S1.E4.C48 Caitlyn rants about her investigation.mp4,Caitlyn,CL.S1.E4.C48,Caitlyn rants about her investigation
VI.S1.E4.C49 Vi prison fight.mp4,Vi,VI.S1.E4.C49,Vi prison fight
VI.S1.E4.C50 Vi timeskip introduction; meets Caitlyn.mp4,Vi,VI.S1.E4.C50,Vi timeskip introduction; meets Caitlyn
CL.S1.E4.C51 Caitlyn goes to stillwater; talks to guard.mp4,Caitlyn,CL.S1.E4.C51,Caitlyn goes to stillwater; talks to guard
CL.S1.E4.C52 Caitlyn goes down elevator.mp4,Caitlyn,CL.S1.E4.C52,Caitlyn goes down elevator
CL.S1.E4.C53 Caitlyn meets Vi.mp4,Caitlyn,CL.S1.E4.C53,Caitlyn meets Vi
CL.S1.E5.C01 Caitlyn young shooting gun.mp4,Caitlyn,CL.S1.E5.C01,Caitlyn young shooting gun
CL.S1.E5.C02 Caitlyn confronts Greyson.mp4,Caitlyn,CL.S1.E5.C02,Caitlyn confronts Greyson
CL.S1.E5.C03 Caitlyn inspired by Greyson.mp4,Caitlyn,CL.S1.E5.C03,Caitlyn inspired by Greyson
PO.S1.E5.C04 Kiramann party.mp4,Piltover,PO.S1.E5.C04,Kiramann party
CL.S1.E5.C05 Caitlyn interrogates Vi; releases her.mp4,Caitlyn,CL.S1.E5.C05,Caitlyn interrogates Vi; releases her
PO.S1.E5.C06 Stillwater prison.mp4,Piltover,PO.S1.E5.C06,Stillwater prison
VI.S1.E5.C07 Vi released from prison.mp4,Vi,VI.S1.E5.C07,Vi released from prison
MC.S1.E5.C08 Marcus gives funeral speech.mp4,Marcus,MC.S1.E5.C08,Marcus gives funeral speech
MC.S1.E5.C09 Marcus visits grave with daughter.mp4,Marcus,MC.S1.E5.C09,Marcus visits grave with daughter
VI.S1.E5.C10 Vi Shows Deckard Who Has Balls.mp4,Vi,VI.S1.E5.C10,Vi Shows Deckard Who Has Balls
MC.S1.E5.C11 Marcus works for Silco.mp4,Marcus,MC.S1.E5.C11,Marcus works for Silco
PO.S1.E5.C12 Hexgate inner workings.mp4,Piltover,PO.S1.E5.C12,Hexgate inner workings
SC.S1.E5.C13 Silco intiminates Marcus.mp4,Silco,SC.S1.E5.C13,Silco intiminates Marcus
JC.S1.E5.C15 Jayce talks to Marcus about corruption.mp4,Jayce,JC.S1.E5.C15,Jayce talks to Marcus about corruption
MC.S1.E5.C14 Marcus vs Silco.mp4,Marcus,MC.S1.E5.C15,Marcus vs Silco
VT.S1.E5.C16 Viktor in Hexgate; coughs blood; has visions.mp4,Viktor,VT.S1.E5.C16,Viktor in Hexgate; coughs blood; has visions
ZN.S1.E5.C17 Jinx tower.mp4,Zaun,ZN.S1.E5.C17,Jinx tower
JX.S1.E5.C18 Jinx learns Hextech.mp4,Jinx,JX.S1.E5.C18,Jinx learns Hextech
JX.S1.E5.C19 Jinx Hextech goes wrong.mp4,Jinx,JX.S1.E5.C19,Jinx Hextech goes wrong
JX.S1.E5.C20 Jinx scared of Hextech; trauma.mp4,Jinx,JX.S1.E5.C20,Jinx scared of Hextech; trauma
CL.S1.E5.C21 Caitlyn parkours into Zaun.mp4,Caitlyn,CL.S1.E5.C21,Caitlyn parkours into Zaun
VI.S1.E5.C22 Vi parkous into Zaun.mp4,Vi,VI.S1.E5.C22,Vi parkous into Zaun
VI.S1.E5.C23 Vi gets cool jacket.mp4,Vi,VI.S1.E5.C23,Vi gets cool jacket
PO.S1.E5.C24 Hexcore blueprint.mp4,Piltover,PO.S1.E5.C24,Hexcore blueprint
VT.S1.E5.C25 Viktor Hexcore first time.mp4,Viktor,VT.S1.E5.C25,Viktor Hexcore first time
VI.S1.E5.C26 Vi eats food in Zaun.mp4,Vi,VI.S1.E5.C26,Vi eats food in Zaun
HM.S1.E5.C27 Heimerdinger oblivious in opera and corruption.mp4,Heimerdinger,HM.S1.E5.C27,Heimerdinger oblivious in opera and corruption
JC.S1.E5.C28 Jayce good at corruption and politics.mp4,Jayce,JC.S1.E5.C28,Jayce good at corruption and politics
JX.S1.E5.C29 Jinx confronts her past; kills crow.mp4,Jinx,JX.S1.E5.C29,Jinx confronts her past; kills crow
JX.S1.E5.C30 Jinx rage emotions.mp4,Jinx,JX.S1.E5.C30,Jinx rage emotions
ML.S1.E5.C31 Mel and Jayce at opera.mp4,Mel,ML.S1.E5.C31,Mel and Jayce at opera
ML.S1.E5.C32 Mel pressures Jayce for corruption.mp4,Mel,ML.S1.E5.C32,Mel pressures Jayce for corruption
ML.S1.E5.C33 Mel manipulates noble; impressed with Jayce politics.mp4,Mel,ML.S1.E5.C33,Mel manipulates noble; impressed with Jayce politics
PO.S1.E5.C34 Piltover opera.mp4,Piltover,PO.S1.E5.C34,Piltover opera
VI.S1.E5.C35 Vi looks at changed home.mp4,Vi,VI.S1.E5.C35,Vi looks at changed home
CL.S1.E5.C36 Caitlyn and Vi visit brothel.mp4,Caitlyn,CL.S1.E5.C36,Caitlyn and Vi visit brothel
CL.S1.E5.C37 Caitlyn blends into brothel.mp4,Caitlyn,CL.S1.E5.C37,Caitlyn blends into brothel
VI.S1.E5.C38 Vi hits on Caitlyn.mp4,Vi,VI.S1.E5.C38,Vi hits on Caitlyn
VI.S1.E5.C39 Vi visits brothel.mp4,Vi,VI.S1.E5.C39,Vi visits brothel
VI.S1.E5.C40 Vi finds out Caitlyn is gay.mp4,Vi,VI.S1.E5.C40,Vi finds out Caitlyn is gay
ZN.S1.E5.C41 Zaun brothel.mp4,Zaun,ZN.S1.E5.C41,Zaun brothel
JC.S1.E5.C42 Jayce talks about Hextech greatness.mp4,Jayce,JC.S1.E5.C42,Jayce talks about Hextech greatness
JX.S1.E5.C43 Jinx in ceiling talking with Silco.mp4,Jinx,JX.S1.E5.C43,Jinx in ceiling talking with Silco
ML.S1.E5.C44 Mel seduces Jayce.mp4,Mel,ML.S1.E5.C44,Mel seduces Jayce
ML.S1.E5.C45 Mel kisses Jayce.mp4,Mel,ML.S1.E5.C45,Mel kisses Jayce
ML.S1.E5.C46 Mel has intercourse with Jayce.mp4,Mel,ML.S1.E5.C46,Mel has intercourse with Jayce
PO.S1.E5.C47 Hexcore consumes Viktor's blood.mp4,Piltover,PO.S1.E5.C47,Hexcore consumes Viktor's blood
VT.S1.E5.C48 Viktor fails using Hexcore.mp4,Viktor,VT.S1.E5.C48,Viktor fails using Hexcore
VT.S1.E5.C49 Viktor rejects Skye.mp4,Viktor,VT.S1.E5.C49,Viktor rejects Skye
VT.S1.E5.C50 Viktor gives up on Hexcore.mp4,Viktor,VT.S1.E5.C50,Viktor gives up on Hexcore
VT.S1.E5.C51 Viktor coughs blood and passes out.mp4,Viktor,VT.S1.E5.C51,Viktor coughs blood and passes out
JX.S1.E5.C52 Jinx baptized by Silco.mp4,Jinx,JX.S1.E5.C52,Jinx baptized by Silco
PO.S1.E5.C53 Hexcore in action.mp4,Piltover,PO.S1.E5.C53,Hexcore in action
SC.S1.E5.C54 Silco teaches Jinx about conquering the past.mp4,Silco,SC.S1.E5.C54,Silco teaches Jinx about conquering the past
MC.S1.E5.C55 Marcus angry at himself.mp4,Marcus,MC.S1.E5.C55,Marcus angry at himself
ML.S1.E5.C56 Mel wakes up alone.mp4,Mel,ML.S1.E5.C56,Mel wakes up alone
SV.S1.E5.C57 Sevika gambling.mp4,Sevika,SV.S1.E5.C57,Sevika gambling
VT.S1.E5.C58 Viktor dying of disease.mp4,Viktor,VT.S1.E5.C58,Viktor dying of disease
ZN.S1.E5.C59 Zaun band.mp4,Zaun,ZN.S1.E5.C59,Zaun band
CL.S1.E5.C60 Caitlyn shoots Sevika; saves Vi.mp4,Caitlyn,CL.S1.E5.C60,Caitlyn shoots Sevika; saves Vi
CL.S1.E5.C61 Caitlyn saves Vi;; they bond.mp4,Caitlyn,CL.S1.E5.C61,Caitlyn saves Vi;; they bond
JX.S1.E5.C62 Jinx unlocks Hextech.mp4,Jinx,JX.S1.E5.C62,Jinx unlocks Hextech
SV.S1.E5.C63 Sevika shimmer arm.mp4,Sevika,SV.S1.E5.C63,Sevika shimmer arm
SV.S1.E5.C64 Sevika stabs Vi.mp4,Sevika,SV.S1.E5.C64,Sevika stabs Vi
SV.S1.E5.C65 Sevika tells Silco about Vi.mp4,Sevika,SV.S1.E5.C65,Sevika tells Silco about Vi
SC.S1.E5.C66 Silco does makeup.mp4,Silco,SC.S1.E5.C66,Silco does makeup
VI.S1.E5.C67 Vi confronts Sevika.mp4,Vi,VI.S1.E5.C67,Vi confronts Sevika
VI.S1.E5.C68 Vi vs Sevika.mp4,Vi,VI.S1.E5.C68,Vi vs Sevika
ZN.S1.E6.C01 Zaun gets Introduced; broody atmohsphere.mp4,Zaun,ZN.S1.E6.C01,Zaun gets Introduced; broody atmohsphere
VT.S1.E6.C02 Viktor flashback; mechanical boat.mp4,Viktor,VT.S1.E6.C02,Viktor flashback; mechanical boat
VT.S1.E6.C03 Viktor meets Singed.mp4,Viktor,VT.S1.E6.C03,Viktor meets Singed
VT.S1.E6.C04 Viktor talks with Heimerdinger.mp4,Viktor,VT.S1.E6.C04,Viktor talks with Heimerdinger
JC.S1.E6.C05 Jayce vents to Mel.mp4,Jayce,JC.S1.E6.C05,Jayce vents to Mel
ML.S1.E6.C06 Mel paints.mp4,Mel,ML.S1.E6.C06,Mel paints
VT.S1.E6.C07 Viktor depressed staring at Hexcore.mp4,Viktor,VT.S1.E6.C07,Viktor depressed staring at Hexcore
VT.S1.E6.C08 Viktor syncs with Hexcore.mp4,Viktor,VT.S1.E6.C08,Viktor syncs with Hexcore
FL.S1.E6.C09 Firelight stalks Vi.mp4,Firelights,FL.S1.E6.C09,Firelight stalks Vi
JX.S1.E6.C10 Jinx chills at the bar.mp4,Jinx,JX.S1.E6.C10,Jinx chills at the bar
ZN.S1.E6.C11 Chuck at the bar harrased by Jinx.mp4,Zaun,ZN.S1.E6.C11,Chuck at the bar harrased by Jinx
SV.S1.E6.C12 Sevika knocked out by Jinx.mp4,Sevika,SV.S1.E6.C12,Sevika knocked out by Jinx
VI.S1.E6.C13 Vi injured.mp4,Vi,VI.S1.E6.C13,Vi injured
VI.S1.E6.C14 Vi jumps down pit.mp4,Vi,VI.S1.E6.C14,Vi jumps down pit
JX.S1.E6.C15 Jinx interrogates Sevika.mp4,Jinx,JX.S1.E6.C15,Jinx interrogates Sevika
SC.S1.E6.C16 Silco threatens Marcus.mp4,Silco,SC.S1.E6.C16,Silco threatens Marcus
PO.S1.E6.C17 Hexcore makes life.mp4,Piltover,PO.S1.E6.C17,Hexcore makes life
VT.S1.E6.C18 Viktor and Hexcore tuning life fails.mp4,Viktor,VT.S1.E6.C18,Viktor and Hexcore tuning life fails
CL.S1.E6.C19 Caitlyn carries injured Vi.mp4,Caitlyn,CL.S1.E6.C19,Caitlyn carries injured Vi
CL.S1.E6.C20 Caitlyn uses her gun.mp4,Caitlyn,CL.S1.E6.C20,Caitlyn uses her gun
CL.S1.E6.C21 Caitlyn treats Vi.mp4,Caitlyn,CL.S1.E6.C21,Caitlyn treats Vi
CL.S1.E6.C22 Caitlyn buys Shimmer.mp4,Caitlyn,CL.S1.E6.C22,Caitlyn buys Shimmer
CL.S1.E6.C23 Caitlyn hugs Huck.mp4,Caitlyn,CL.S1.E6.C23,Caitlyn hugs Huck
HM.S1.E6.C24 Heimerdinger wants Hexcore gone; trauma.mp4,Heimerdinger,HM.S1.E6.C24,Heimerdinger wants Hexcore gone; trauma
HM.S1.E6.C25 Heimerdinger lectures the Council.mp4,Heimerdinger,HM.S1.E6.C25,Heimerdinger lectures the Council
HM.S1.E6.C26 Heimerdinger removed from Council.mp4,Heimerdinger,HM.S1.E6.C26,Heimerdinger removed from Council
JC.S1.E6.C27 Jayce gets grenade from Marcus.mp4,Jayce,JC.S1.E6.C27,Jayce gets grenade from Marcus
JC.S1.E6.C28 Jayce angry at Heimerdinger.mp4,Jayce,JC.S1.E6.C28,Jayce angry at Heimerdinger
JC.S1.E6.C29 Jayce impeaches Heimerdinger.mp4,Jayce,JC.S1.E6.C29,Jayce impeaches Heimerdinger
CL.S1.E6.C30 Caitlyn gets touchy with Vi.mp4,Caitlyn,CL.S1.E6.C30,Caitlyn gets touchy with Vi
JX.S1.E6.C31 Jinx uses flare; catharsis.mp4,Jinx,JX.S1.E6.C31,Jinx uses flare; catharsis
VI.S1.E6.C32 Vi takes shimmer.mp4,Vi,VI.S1.E6.C32,Vi takes shimmer
EF.S1.E6.C33 Enforcers blockade bridge.mp4,Enforcers,EF.S1.E6.C33,Enforcers blockade bridge
SC.S1.E6.C34 Silco the druglord of shimmer.mp4,Silco,SC.S1.E6.C34,Silco the druglord of shimmer
SC.S1.E6.C35 Silco rages at his men and failure.mp4,Silco,SC.S1.E6.C35,Silco rages at his men and failure
VI.S1.E6.C36 Vi vs Silco.mp4,Vi,VI.S1.E6.C36,Vi vs Silco
VI.S1.E6.C37 Vi and Caitlyn run from Silco.mp4,Vi,VI.S1.E6.C37,Vi and Caitlyn run from Silco
VT.S1.E6.C38 Viktor leaves Singed.mp4,Viktor,VT.S1.E6.C38,Viktor leaves Singed
VT.S1.E6.C39 Viktor remeets Singed.mp4,Viktor,VT.S1.E6.C39,Viktor remeets Singed
JX.S1.E6.C40 Jinx throws away flare.mp4,Jinx,JX.S1.E6.C40,Jinx throws away flare
JX.S1.E6.C41 Jinx huged by Vi.mp4,Jinx,JX.S1.E6.C41,Jinx huged by Vi
JX.S1.E6.C42 Jinx paranoid of Caitlyn and Vi.mp4,Jinx,JX.S1.E6.C42,Jinx paranoid of Caitlyn and Vi
JX.S1.E6.C43 Jinx and Vi vs Firelights.mp4,Jinx,JX.S1.E6.C43,Jinx and Vi vs Firelights
JX.S1.E6.C44 Jinx sees Vi kidnapped; screams.mp4,Jinx,JX.S1.E6.C44,Jinx sees Vi kidnapped; screams
SC.S1.E6.C45 Silco sees tied up Sevika.mp4,Silco,SC.S1.E6.C45,Silco sees tied up Sevika
PO.S1.E7.C01 Hexgate at sunset.mp4,Piltover,PO.S1.E7.C01,Hexgate at sunset
FL.S1.E7.C02 Firelights intro.mp4,Firelights,FL.S1.E7.C02,Firelights intro
ML.S1.E7.C03 Mel seduces Jayce again.mp4,Mel,ML.S1.E7.C03,Mel seduces Jayce again
EK.S1.E7.C04 Ekko introduction; reveal and argues with Vi.mp4,Ekko,EK.S1.E7.C04,Ekko introduction; reveal and argues with Vi
XX.S1.E7.C05 Singed gives shimmer to Viktor.mp4,Singed,XX.S1.E7.C05,Singed gives shimmer to Viktor
VT.S1.E7.C06 Viktor gets shimmer from Singed.mp4,Viktor,VT.S1.E7.C06,Viktor gets shimmer from Singed
JC.S1.E7.C07 Jayce does blacksmithing.mp4,Jayce,JC.S1.E7.C07,Jayce does blacksmithing
JX.S1.E7.C08 Jinx psychotic episode.mp4,Jinx,JX.S1.E7.C08,Jinx psychotic episode
JX.S1.E7.C09 Jinx scary crazy.mp4,Jinx,JX.S1.E7.C09,Jinx scary crazy
SC.S1.E7.C10 Silco and Sevika talk.mp4,Silco,SC.S1.E7.C10,Silco and Sevika talk
EK.S1.E7.C11 Ekko shows Vi firelights.mp4,Ekko,EK.S1.E7.C11,Ekko shows Vi firelights
EF.S1.E7.C12 Enforcers deal with bridge rioters.mp4,Enforcers,EF.S1.E7.C12,Enforcers deal with bridge rioters
SC.S1.E7.C13 Silco intimidates Chembarons.mp4,Silco,SC.S1.E7.C13,Silco intimidates Chembarons
VT.S1.E7.C14 Viktor gets mad at Jayce.mp4,Viktor,VT.S1.E7.C14,Viktor gets mad at Jayce
ZN.S1.E7.C15 Chembarons mad at Silco.mp4,Zaun,ZN.S1.E7.C15,Chembarons mad at Silco
ML.S1.E7.C16 Mel worried.mp4,Mel,ML.S1.E7.C16,Mel worried
CL.S1.E7.C17 Caitlyn freed by Ekko and Vi.mp4,Caitlyn,CL.S1.E7.C17,Caitlyn freed by Ekko and Vi
JX.S1.E7.C18 Jinx angry at Silco.mp4,Jinx,JX.S1.E7.C18,Jinx angry at Silco
SC.S1.E7.C19 Silco convinces Jinx to trust; takes medicine.mp4,Silco,SC.S1.E7.C19,Silco convinces Jinx to trust; takes medicine
CL.S1.E7.C20 Caitlyn sees firelights.mp4,Caitlyn,CL.S1.E7.C20,Caitlyn sees firelights
CL.S1.E7.C21 Caitlyn convinces Ekko; talks about peace and compassion.mp4,Caitlyn,CL.S1.E7.C21,Caitlyn convinces Ekko; talks about peace and compassion
ML.S1.E7.C22 Mel convinces Jayce to build weapons.mp4,Mel,ML.S1.E7.C22,Mel convinces Jayce to build weapons
VT.S1.E7.C23 Viktor defuses bomb; talks about peace.mp4,Viktor,VT.S1.E7.C23,Viktor defuses bomb; talks about peace
EK.S1.E7.C24 Ekko Vi Caitlyn go to Piltover.mp4,Ekko,EK.S1.E7.C24,Ekko Vi Caitlyn go to Piltover
HM.S1.E7.C25 Heimerdinger goes to Zaun.mp4,Heimerdinger,HM.S1.E7.C25,Heimerdinger goes to Zaun
JC.S1.E7.C26 Jayce sad; hugs mom.mp4,Jayce,JC.S1.E7.C26,Jayce sad; hugs mom
VT.S1.E7.C27 Viktor takes Shimmer.mp4,Viktor,VT.S1.E7.C27,Viktor takes Shimmer
VT.S1.E7.C28 Viktor gives blood to Hexcore.mp4,Viktor,VT.S1.E7.C28,Viktor gives blood to Hexcore
VT.S1.E7.C29 Viktor's blood fused with Shimmer and Hextech.mp4,Viktor,VT.S1.E7.C29,Viktor's blood fused with Shimmer and Hextech
CL.S1.E7.C30 Caitlyn helped by Vi; shot by Jinx.mp4,Caitlyn,CL.S1.E7.C30,Caitlyn helped by Vi; shot by Jinx
EK.S1.E7.C31 Ekko steals Hexgem from Jinx.mp4,Ekko,EK.S1.E7.C31,Ekko steals Hexgem from Jinx
EK.S1.E7.C32 Ekko stopwatch time vs Jinx.mp4,Ekko,EK.S1.E7.C32,Ekko stopwatch time vs Jinx
EK.S1.E7.C33 Ekko vs Jinx in the past.mp4,Ekko,EK.S1.E7.C33,Ekko vs Jinx in the past
EK.S1.E7.C34 Ekko beats Jinx.mp4,Ekko,EK.S1.E7.C34,Ekko beats Jinx
EF.S1.E7.C35 Enforcers stop Ekko Caitlyn.mp4,Enforcers,EF.S1.E7.C35,Enforcers stop Ekko Caitlyn
JX.S1.E7.C36 Jinx paranoid about Vi Caitlyn.mp4,Jinx,JX.S1.E7.C36,Jinx paranoid about Vi Caitlyn
JX.S1.E7.C37 Jinx blows up Enforcers.mp4,Jinx,JX.S1.E7.C37,Jinx blows up Enforcers
MC.S1.E7.C38 Marcus dies.mp4,Marcus,MC.S1.E7.C39,Marcus dies
JX.S1.E7.C39 Jinx kills enforcers; shoots at Vi and Caitlyn.mp4,Jinx,JX.S1.E7.C39,Jinx kills enforcers; shoots at Vi and Caitlyn
JX.S1.E7.C40 Jinx blows her and Ekko up.mp4,Jinx,JX.S1.E7.C40,Jinx blows her and Ekko up
JX.S1.E7.C41 Jinx almost dead.mp4,Jinx,JX.S1.E7.C41,Jinx almost dead
VI.S1.E7.C42 Vi leaves Ekko Caitlyn for Jinx.mp4,Vi,VI.S1.E7.C42,Vi leaves Ekko Caitlyn for Jinx
VI.S1.E7.C43 Vi hears gunshots and runs back to Caitlyn Ekko.mp4,Vi,VI.S1.E7.C43,Vi hears gunshots and runs back to Caitlyn Ekko
VI.S1.E7.C44 Vi sees Ekko Jinx explosion.mp4,Vi,VI.S1.E7.C44,Vi sees Ekko Jinx explosion
PO.S1.E7.C45 Bridge after explosion.mp4,Piltover,PO.S1.E7.C45,Bridge after explosion
ML.S1.E8.C01 Mel flashback.mp4,Mel,ML.S1.E8.C01,Mel flashback
ML.S1.E8.C02 Mel watches girl die.mp4,Mel,ML.S1.E8.C02,Mel watches girl die
ML.S1.E8.C03 Mel nightmare.mp4,Mel,ML.S1.E8.C03,Mel nightmare
SC.S1.E8.C04 Silco takes an injured Jinx.mp4,Silco,SC.S1.E8.C04,Silco takes an injured Jinx
VI.S1.E8.C05 Vi watches Jinx taken.mp4,Vi,VI.S1.E8.C05,Vi watches Jinx taken
EF.S1.E8.C06 Enforcers dead.mp4,Enforcers,EF.S1.E8.C06,Enforcers dead
JC.S1.E8.C07 Jayce barfs; thinks Zaun bad.mp4,Jayce,JC.S1.E8.C07,Jayce barfs; thinks Zaun bad
ML.S1.E8.C08 Mel wants war.mp4,Mel,ML.S1.E8.C08,Mel wants war
ML.S1.E8.C09 Mel meets her Mom.mp4,Mel,ML.S1.E8.C09,Mel meets her Mom
ML.S1.E8.C10 Mel argues with her mom.mp4,Mel,ML.S1.E8.C10,Mel argues with her mom
VI.S1.E8.C11 Vi takes Cait home.mp4,Vi,VI.S1.E8.C11,Vi takes Cait home
VI.S1.E8.C12 Caitlyn talks to her mom.mp4,Vi,VI.S1.E8.C12,Caitlyn talks to her mom
CL.S1.E8.C13 Caitlyn and Vi talk in bed.mp4,Caitlyn,CL.S1.E8.C13,Caitlyn and Vi talk in bed
SC.S1.E8.C14 Silco takes injured Jinx to Singed.mp4,Silco,SC.S1.E8.C14,Silco takes injured Jinx to Singed
XX.S1.E8.C15 Singed in lab.mp4,Singed,XX.S1.E8.C15,Singed in lab
SV.S1.E8.C16 Sevika shows off new sword.mp4,Sevika,SV.S1.E8.C16,Sevika shows off new sword
AB.S1.E8.C17 Ambessa introduction.mp4,Ambessa,AB.S1.E8.C17,Ambessa introduction
JX.S1.E8.C18 Jinx takes Shimmer for surgery.mp4,Jinx,JX.S1.E8.C18,Jinx takes Shimmer for surgery
SC.S1.E8.C19 Silco wakes up; threatens Singed.mp4,Silco,SC.S1.E8.C19,Silco wakes up; threatens Singed
HM.S1.E8.C20 Heimerdinger sees Zaun.mp4,Heimerdinger,HM.S1.E8.C20,Heimerdinger sees Zaun
HM.S1.E8.C21 Heimerdinger entertains little girl.mp4,Heimerdinger,HM.S1.E8.C21,Heimerdinger entertains little girl
HM.S1.E8.C22 Heimerdinger sad.mp4,Heimerdinger,HM.S1.E8.C22,Heimerdinger sad
HM.S1.E8.C23 Heimerdinger meets Ekko.mp4,Heimerdinger,HM.S1.E8.C23,Heimerdinger meets Ekko
AB.S1.E8.C24 Ambessa pressures Jayce.mp4,Ambessa,AB.S1.E8.C24,Ambessa pressures Jayce
PO.S1.E8.C25 Council talk about dangerous Zaun.mp4,Piltover,PO.S1.E8.C25,Council talk about dangerous Zaun
CL.S1.E8.C26 Caitlyn presents to Council.mp4,Caitlyn,CL.S1.E8.C26,Caitlyn presents to Council
VI.S1.E8.C27 Vi pleads to Council.mp4,Vi,VI.S1.E8.C27,Vi pleads to Council
VI.S1.E8.C28 Vi breaks up with Caitlyn.mp4,Vi,VI.S1.E8.C28,Vi breaks up with Caitlyn
VT.S1.E8.C29 Viktor runs for first time.mp4,Viktor,VT.S1.E8.C29,Viktor runs for first time
VT.S1.E8.C30 Viktor does experiment without Shimmer.mp4,Viktor,VT.S1.E8.C30,Viktor does experiment without Shimmer
VT.S1.E8.C31 Viktor gets Skye killed.mp4,Viktor,VT.S1.E8.C31,Viktor gets Skye killed
VT.S1.E8.C32 Viktor realizes he killed skye.mp4,Viktor,VT.S1.E8.C32,Viktor realizes he killed skye
JC.S1.E8.C33 Jayce builds Hextech weapon.mp4,Jayce,JC.S1.E8.C33,Jayce builds Hextech weapon
JC.S1.E8.C34 Jayce meets Vi.mp4,Jayce,JC.S1.E8.C34,Jayce meets Vi
VI.S1.E8.C35 Vi gets Hex gloves.mp4,Vi,VI.S1.E8.C35,Vi gets Hex gloves
VI.S1.E8.C36 Vi makes a deal with Jayce.mp4,Vi,VI.S1.E8.C36,Vi makes a deal with Jayce
EF.S1.E8.C37 Enforcers raid Shimmer factory.mp4,Enforcers,EF.S1.E8.C37,Enforcers raid Shimmer factory
EF.S1.E8.C38 Enforcers killed by Chemtanks.mp4,Enforcers,EF.S1.E8.C38,Enforcers killed by Chemtanks
JC.S1.E8.C39 Jayce uses hammer to fight and kills kid.mp4,Jayce,JC.S1.E8.C39,Jayce uses hammer to fight and kills kid
JC.S1.E8.C40 Jayce kills a Zaunite child and realizes his mistakes.mp4,Jayce,JC.S1.E8.C40,Jayce kills a Zaunite child and realizes his mistakes
VI.S1.E8.C41 Vi and Jayce vs Chemtanks.mp4,Vi,VI.S1.E8.C41,Vi and Jayce vs Chemtanks
VI.S1.E8.C42 Vi uses her Hex gloves to fight Chemtanks.mp4,Vi,VI.S1.E8.C42,Vi uses her Hex gloves to fight Chemtanks
ZN.S1.E8.C43 Shimmer factory.mp4,Zaun,ZN.S1.E8.C43,Shimmer factory
ZN.S1.E8.C44 Chemtanks introduction.mp4,Zaun,ZN.S1.E8.C44,Chemtanks introduction
CL.S1.E8.C45 Caitlyn takes a shower.mp4,Caitlyn,CL.S1.E8.C45,Caitlyn takes a shower
CL.S1.E8.C46 Caitlyn kidnapped by Jinx.mp4,Caitlyn,CL.S1.E8.C46,Caitlyn kidnapped by Jinx
JC.S1.E9.C01 Jayce sad over killing a child.mp4,Jayce,JC.S1.E9.C01,Jayce sad over killing a child
JC.S1.E9.C02 Jayce vs Vi.mp4,Jayce,JC.S1.E9.C02,Jayce vs Vi
VI.S1.E9.C04 Vi takes down Shimmer.mp4,Vi,VI.S1.E9.C04,Vi takes down Shimmer
SC.S1.E9.C05 Silco loses control.mp4,Silco,SC.S1.E9.C05,Silco loses control
VT.S1.E9.C06 Viktor cries over assistant's death.mp4,Viktor,VT.S1.E9.C06,Viktor cries over assistant's death
VT.S1.E9.C07 Viktor tries to destroy Hexcore.mp4,Viktor,VT.S1.E9.C07,Viktor tries to destroy Hexcore
ML.S1.E9.C08 Mel argues with Ambessa again.mp4,Mel,ML.S1.E9.C08,Mel argues with Ambessa again
VT.S1.E9.C09 Viktor and Jayce talk about regrets.mp4,Viktor,VT.S1.E9.C09,Viktor and Jayce talk about regrets
JC.S1.E9.C10 Jayce negociates peace with Silco.mp4,Jayce,JC.S1.E9.C10,Jayce negociates peace with Silco
SV.S1.E9.C11 Sevika stays loyal to Silco and kills Chembaron.mp4,Sevika,SV.S1.E9.C11,Sevika stays loyal to Silco and kills Chembaron
HM.S1.E9.C12 Heimerdinger sees Firelights; learns to live in the present.mp4,Heimerdinger,HM.S1.E9.C12,Heimerdinger sees Firelights; learns to live in the present
JX.S1.E9.C13 Jinx overheards Silco's betrayal.mp4,Jinx,JX.S1.E9.C13,Jinx overheards Silco's betrayal
SC.S1.E9.C14 Silco talks about daughters to Vander statue.mp4,Silco,SC.S1.E9.C14,Silco talks about daughters to Vander statue
SV.S1.E9.C15 Sevika encounters Vi again.mp4,Sevika,SV.S1.E9.C15,Sevika encounters Vi again
VI.S1.E9.C16 Vi fights Sevika again but loses.mp4,Vi,VI.S1.E9.C16,Vi fights Sevika again but loses
VI.S1.E9.C17 Vi gets Vander flashback and gets back up to fight.mp4,Vi,VI.S1.E9.C17,Vi gets Vander flashback and gets back up to fight
VI.S1.E9.C18 Vi and Sevika clash again.mp4,Vi,VI.S1.E9.C18,Vi and Sevika clash again
VI.S1.E9.C19 Vi uses Hextech shield.mp4,Vi,VI.S1.E9.C19,Vi uses Hextech shield
VI.S1.E9.C20 Vi defeats Sevika again.mp4,Vi,VI.S1.E9.C20,Vi defeats Sevika again
VI.S1.E9.C21 Vi knocked out by Jinx.mp4,Vi,VI.S1.E9.C21,Vi knocked out by Jinx
JC.S1.E9.C22 Jayce proposes Zaun independence.mp4,Jayce,JC.S1.E9.C22,Jayce proposes Zaun independence
PO.S1.E9.C23 Council room under blood moon.mp4,Piltover,PO.S1.E9.C23,Council room under blood moon
PO.S1.E9.C24 Council angry.mp4,Piltover,PO.S1.E9.C24,Council angry
JX.S1.E9.C25 Jinx and Vi get close.mp4,Jinx,JX.S1.E9.C25,Jinx and Vi get close
JX.S1.E9.C26 Jinx adds Silco to tea party.mp4,Jinx,JX.S1.E9.C26,Jinx adds Silco to tea party
JX.S1.E9.C27 Jinx pretends to kill Caitlyn.mp4,Jinx,JX.S1.E9.C27,Jinx pretends to kill Caitlyn
JX.S1.E9.C28 Jinx adds Caitlyn to tea party.mp4,Jinx,JX.S1.E9.C28,Jinx adds Caitlyn to tea party
JX.S1.E9.C29 Jinx hears Silco trying to brainwash her.mp4,Jinx,JX.S1.E9.C29,Jinx hears Silco trying to brainwash her
JX.S1.E9.C30 Jinx held at gunpoint by Caitlyn; subdues her.mp4,Jinx,JX.S1.E9.C30,Jinx held at gunpoint by Caitlyn; subdues her
JX.S1.E9.C31 Jinx has a breakdown.mp4,Jinx,JX.S1.E9.C31,Jinx has a breakdown
JX.S1.E9.C32 Jinx shoots Silco.mp4,Jinx,JX.S1.E9.C32,Jinx shoots Silco
JX.S1.E9.C33 Jinx watches Silco die.mp4,Jinx,JX.S1.E9.C33,Jinx watches Silco die
JX.S1.E9.C34 Jinx feels empty.mp4,Jinx,JX.S1.E9.C34,Jinx feels empty
JX.S1.E9.C35 Jinx accepts who she is.mp4,Jinx,JX.S1.E9.C35,Jinx accepts who she is
JX.S1.E9.C36 Jinx shoots rocket at Council.mp4,Jinx,JX.S1.E9.C36,Jinx shoots rocket at Council
PO.S1.E9.C37 Council vote for peace; get attacked.mp4,Piltover,PO.S1.E9.C37,Council vote for peace; get attacked
VI.S1.E9.C38 Vi captured and pleads to Jinx.mp4,Vi,VI.S1.E9.C38,Vi captured and pleads to Jinx
AB.S1.E9.C39 Ambessa looks at Mel painting.mp4,Ambessa,AB.S1.E9.C39,Ambessa looks at Mel painting
EK.S1.E9.C40 Ekko works with Heimerdinger.mp4,Ekko,EK.S1.E9.C40,Ekko works with Heimerdinger
SV.S1.E9.C41 Sevika waits at the empty throne.mp4,Sevika,SV.S1.E9.C41,Sevika waits at the empty throne
XX.S1.E9.C42 Singed looks at daughter picture and Warwick.mp4,Singed,XX.S1.E9.C42,Singed looks at daughter picture and Warwick
JX.S1.E10.C02 Jinx silhouette walks across bridge teaser.mp4,Jinx,JX.S1.E10.C02,Jinx silhouette walks across bridge teaser
XX.S1.E11.C01 Singed and Silco watch rat take shimmer.mp4,Singed,XX.S1.E11.C01,Singed and Silco watch rat take shimmer
OM.S1.E12.C01 Powder uses monkey toy in bar.mp4,Other media,OM.S1.E12.C01,Powder uses monkey toy in bar
OM.S1.E12.C02 Powder and Ekko riding car invention.mp4,Other media,OM.S1.E12.C02,Powder and Ekko riding car invention
OM.S1.E12.C03 Powder witnesses assault.mp4,Other media,OM.S1.E12.C03,Powder witnesses assault
OM.S1.E12.C04 Powder runs from Enforcers.mp4,Other media,OM.S1.E12.C04,Powder runs from Enforcers
OM.S1.E12.C05 Powder hugs and cries with Vi.mp4,Other media,OM.S1.E12.C05,Powder hugs and cries with Vi
OM.S1.E12.C06 Vi gang goofing around.mp4,Other media,OM.S1.E12.C06,Vi gang goofing around
OM.S1.E12.C07 Powder and Ekko jumping on bed.mp4,Other media,OM.S1.E12.C07,Powder and Ekko jumping on bed
OM.S1.E12.C08 Powder spits out bug.mp4,Other media,OM.S1.E12.C08,Powder spits out bug
OM.S1.E12.C09 Powder and Ekko learn boxing from Vi.mp4,Other media,OM.S1.E12.C09,Powder and Ekko learn boxing from Vi
OM.S1.E12.C10 Powder shoots enforcers.mp4,Other media,OM.S1.E12.C10,Powder shoots enforcers
OM.S1.E12.C11 Powder and Vi look at bridge.mp4,Other media,OM.S1.E12.C11,Powder and Vi look at bridge
OM.S1.E12.C12 Powder and Vi fight.mp4,Other media,OM.S1.E12.C12,Powder and Vi fight
OM.S1.E12.C13 Ekko and Powder posing.mp4,Other media,OM.S1.E12.C13,Ekko and Powder posing
OM.S1.E12.C14 Powder and Jinx riding rocket.mp4,Other media,OM.S1.E12.C14,Powder and Jinx riding rocket
OM.S1.E12.C15 Jinx.mp4,Other media,OM.S1.E12.C15,Jinx
OM.S1.E12.C16 Powder mental breakdown.mp4,Other media,OM.S1.E12.C16,Powder mental breakdown
OM.S1.E12.C17 Powder thinks everyone is an enemy.mp4,Other media,OM.S1.E12.C17,Powder thinks everyone is an enemy
OM.S1.E12.C18 Powder becoming Jinx.mp4,Other media,OM.S1.E12.C18,Powder becoming Jinx
OM.S1.E12.C19 Powder grows into Jinx.mp4,Other media,OM.S1.E12.C19,Powder grows into Jinx
OM.S1.E12.C20 Jinx ominous.mp4,Other media,OM.S1.E12.C20,Jinx ominous
OM.S1.E12.C21 Powder kills everyone.mp4,Other media,OM.S1.E12.C21,Powder kills everyone
OM.S1.E13.C01 Vi and Powder.mp4,Other media,OM.S1.E13.C01,Vi and Powder
HM.S1.E13.C02 Heimerdinger builds inventions.mp4,Heimerdinger,HM.S1.E13.C02,Heimerdinger builds inventions
OM.S1.E13.C03 Jayce Hexgem.mp4,Other media,OM.S1.E13.C03,Jayce Hexgem
OM.S1.E13.C04 Viktor book.mp4,Other media,OM.S1.E13.C04,Viktor book
OM.S1.E13.C05 Caitlyn enforcer.mp4,Other media,OM.S1.E13.C05,Caitlyn enforcer
OM.S1.E13.C06,Other media,OM.S1.E13.C06,
OM.S1.E13.C07 Mel.mp4,Other media,OM.S1.E13.C07,Mel
OM.S1.E13.C08 Vander.mp4,Other media,OM.S1.E13.C08,Vander
OM.S1.E13.C09 Ekko.mp4,Other media,OM.S1.E13.C09,Ekko
OM.S1.E13.C10 Caitlyn shoots.mp4,Other media,OM.S1.E13.C10,Caitlyn shoots
OM.S1.E13.C11 Viktor brace.mp4,Other media,OM.S1.E13.C11,Viktor brace
OM.S1.E13.C12 Jayce hammer.mp4,Other media,OM.S1.E13.C12,Jayce hammer
OM.S1.E13.C13 Vi vs Jinx.mp4,Other media,OM.S1.E13.C13,Vi vs Jinx
ML.S2.E1.C01 Mel saves Jayce from explosion.mp4,Mel,ML.S2.E1.C01,Mel saves Jayce from explosion
PO.S2.E1.C02 Council attack aftermath.mp4,Piltover,PO.S2.E1.C02,Council attack aftermath
JC.S2.E1.C03 Jayce revives Viktor with hexcore.mp4,Jayce,JC.S2.E1.C03,Jayce revives Viktor with hexcore
CL.S2.E1.C04 Caitlyn at funeral.mp4,Caitlyn,CL.S2.E1.C04,Caitlyn at funeral
PO.S2.E1.C05 Councilor funeral.mp4,Piltover,PO.S2.E1.C05,Councilor funeral
VI.S2.E1.C06 Vi attends funeral.mp4,Vi,VI.S2.E1.C06,Vi attends funeral
CL.S2.E1.C07 Caitlyn sad; at council.mp4,Caitlyn,CL.S2.E1.C07,Caitlyn sad; at council
PO.S2.E1.C08 Council decide aftermath.mp4,Piltover,PO.S2.E1.C08,Council decide aftermath
PO.S2.E1.C09 Council settle for peace; Mel stops Ambessa manipulation.mp4,Piltover,PO.S2.E1.C09,Council settle for peace; Mel stops Ambessa manipulation
CL.S2.E1.C10 Caitlyn reads memorial letters.mp4,Caitlyn,CL.S2.E1.C10,Caitlyn reads memorial letters
CL.S2.E1.C11 Caitlyn receives Kiramann key.mp4,Caitlyn,CL.S2.E1.C11,Caitlyn receives Kiramann key
VI.S2.E1.C12 Vi visits Caitlyn's home; racism.mp4,Vi,VI.S2.E1.C12,Vi visits Caitlyn's home; racism
CL.S2.E1.C13 Caitlyn cries in Vi's arms.mp4,Caitlyn,CL.S2.E1.C13,Caitlyn cries in Vi's arms
VI.S2.E1.C14 Vi gets invited to enforcers; leaves Caitlyn.mp4,Vi,VI.S2.E1.C14,Vi gets invited to enforcers; leaves Caitlyn
VI.S2.E1.C15 Vi sad in the rain.mp4,Vi,VI.S2.E1.C15,Vi sad in the rain
LR.S2.E1.C16 Loris introduction.mp4,Loris,LR.S2.E1.C16,Loris introduction
ML.S2.E1.C17 Mel goes to Jayce and sees Victor.mp4,Mel,ML.S2.E1.C17,Mel goes to Jayce and sees Victor
ML.S2.E1.C18 Mel talks to Jayce about aftermath.mp4,Mel,ML.S2.E1.C18,Mel talks to Jayce about aftermath
CL.S2.E1.C19 Caitlyn mourns in garden.mp4,Caitlyn,CL.S2.E1.C19,Caitlyn mourns in garden
CL.S2.E1.C20 Caitlyn imagines shooting Jinx.mp4,Caitlyn,CL.S2.E1.C20,Caitlyn imagines shooting Jinx
CL.S2.E1.C21 Caitlyn talks to Jayce about mother.mp4,Caitlyn,CL.S2.E1.C21,Caitlyn talks to Jayce about mother
CL.S2.E1.C22 Caitlyn talks to Jayce about Jinx; angry.mp4,Caitlyn,CL.S2.E1.C22,Caitlyn talks to Jayce about Jinx; angry
VI.S2.E1.C23 Vi gets drunk with Loris.mp4,Vi,VI.S2.E1.C23,Vi gets drunk with Loris
VI.S2.E1.C24 Vi joins enforcers.mp4,Vi,VI.S2.E1.C24,Vi joins enforcers
VI.S2.E1.C25 Vi goes to memorial with Loris.mp4,Vi,VI.S2.E1.C25,Vi goes to memorial with Loris
PO.S2.E1.C26 Councilor memorial speech.mp4,Piltover,PO.S2.E1.C26,Councilor memorial speech
PO.S2.E1.C27 Mel starts memorial ceremony.mp4,Piltover,PO.S2.E1.C27,Mel starts memorial ceremony
PO.S2.E1.C28 Renni attacks ceremony.mp4,Piltover,PO.S2.E1.C28,Renni attacks ceremony
JC.S2.E1.C29 Jayce vs Renni.mp4,Jayce,JC.S2.E1.C29,Jayce vs Renni
PO.S2.E1.C30 Chemtanks attack Piltover.mp4,Piltover,PO.S2.E1.C30,Chemtanks attack Piltover
VI.S2.E1.C31 Vi saves Caitlyn and Jayce from Chemtanks.mp4,Vi,VI.S2.E1.C31,Vi saves Caitlyn and Jayce from Chemtanks
PO.S2.E1.C32 Noxians defeat chemtanks.mp4,Piltover,PO.S2.E1.C32,Noxians defeat chemtanks
PO.S2.E1.C33 Memorial attack aftermath.mp4,Piltover,PO.S2.E1.C33,Memorial attack aftermath
CL.S2.E1.C34 Caitlyn rages at Zaun to Vi.mp4,Caitlyn,CL.S2.E1.C34,Caitlyn rages at Zaun to Vi
CL.S2.E1.C35 Caitlyn uses key; learns about kiramanns.mp4,Caitlyn,CL.S2.E1.C35,Caitlyn uses key; learns about kiramanns
JC.S2.E1.C36 Jayce makes hextech weapons.mp4,Jayce,JC.S2.E1.C36,Jayce makes hextech weapons
PO.S2.E1.C37 Council discuss attacking Zaun.mp4,Piltover,PO.S2.E1.C37,Council discuss attacking Zaun
CL.S2.E1.C38 Caitlyn forms strike force.mp4,Caitlyn,CL.S2.E1.C38,Caitlyn forms strike force
VT.S2.E1.C39 Viktor is alive in hexcore.mp4,Viktor,VT.S2.E1.C39,Viktor is alive in hexcore
XX.S2.E1.C40 Singed attacks wolves.mp4,Singed,XX.S2.E1.C40,Singed attacks wolves
JX.S2.E2.C01 Jinx releases Silco's body.mp4,Jinx,JX.S2.E2.C01,Jinx releases Silco's body
JX.S2.E2.C02 Jinx screams.mp4,Jinx,JX.S2.E2.C02,Jinx screams
ZN.S2.E2.C03 Zaun power vacuum.mp4,Zaun,ZN.S2.E2.C03,Zaun power vacuum
ZN.S2.E2.C04 Zaun infighting.mp4,Zaun,ZN.S2.E2.C04,Zaun infighting
JX.S2.E2.C05 Jinx walks through dangerous Zaun.mp4,Jinx,JX.S2.E2.C05,Jinx walks through dangerous Zaun
IS.S2.E2.C06 Isha introduction.mp4,Isha,IS.S2.E2.C06,Isha introduction
IS.S2.E2.C07 Isha meets Jinx.mp4,Isha,IS.S2.E2.C07,Isha meets Jinx
ZN.S2.E2.C08 Smeech introduced.mp4,Zaun,ZN.S2.E2.C08,Smeech introduced
ZN.S2.E2.C09 Zaun gangs vs the Grey.mp4,Zaun,ZN.S2.E2.C09,Zaun gangs vs the Grey
SV.S2.E2.C10 Sevika deals with Chembarons.mp4,Sevika,SV.S2.E2.C10,Sevika deals with Chembarons
SV.S2.E2.C11 Sevika angry at Silco dying.mp4,Sevika,SV.S2.E2.C11,Sevika angry at Silco dying
SV.S2.E2.C12 Sevika reconciles with Jinx.mp4,Sevika,SV.S2.E2.C12,Sevika reconciles with Jinx
ZN.S2.E2.C13 Jinx is followed.mp4,Zaun,ZN.S2.E2.C13,Jinx is followed
VT.S2.E2.C14 Viktor wakes up; changed.mp4,Viktor,VT.S2.E2.C14,Viktor wakes up; changed
EK.S2.E2.C15 Ekko firelight aftermath.mp4,Ekko,EK.S2.E2.C15,Ekko firelight aftermath
EK.S2.E2.C16 Ekko and Heimerdinger discuss Arcane corruption.mp4,Ekko,EK.S2.E2.C16,Ekko and Heimerdinger discuss Arcane corruption
HM.S2.E2.C17 Heimerdinger and Ekko sneak.mp4,Heimerdinger,HM.S2.E2.C17,Heimerdinger and Ekko sneak
EK.S2.E2.C18 Ekko and Heimerdinger meet Jayce.mp4,Ekko,EK.S2.E2.C18,Ekko and Heimerdinger meet Jayce
VT.S2.E2.C19 Viktor walks through Zaun.mp4,Viktor,VT.S2.E2.C19,Viktor walks through Zaun
JX.S2.E2.C20 Jinx builds new arm.mp4,Jinx,JX.S2.E2.C20,Jinx builds new arm
JX.S2.E2.C21 Jinx escapes Enforcers.mp4,Jinx,JX.S2.E2.C21,Jinx escapes Enforcers
EF.S2.E2.C22 Enforcers hunt Jinx.mp4,Enforcers,EF.S2.E2.C22,Enforcers hunt Jinx
JX.S2.E2.C23 Jinx jumped by Smeech.mp4,Jinx,JX.S2.E2.C23,Jinx jumped by Smeech
JX.S2.E2.C24 Jinx saved by Sevika.mp4,Jinx,JX.S2.E2.C24,Jinx saved by Sevika
SV.S2.E2.C25 Sevika Jinx vs Smeech.mp4,Sevika,SV.S2.E2.C25,Sevika Jinx vs Smeech
IS.S2.E2.C26 Isha saves Jinx.mp4,Isha,IS.S2.E2.C26,Isha saves Jinx
SV.S2.E2.C27 Sevika thanks Jinx.mp4,Sevika,SV.S2.E2.C27,Sevika thanks Jinx
XX.S2.E2.C28 Singed dissects wolves.mp4,Singed,XX.S2.E2.C28,Singed dissects wolves
VT.S2.E2.C29 Viktor cures addicts.mp4,Viktor,VT.S2.E2.C29,Viktor cures addicts
CL.S2.E3.C01 Caitlyn learns about the Grey.mp4,Caitlyn,CL.S2.E3.C01,Caitlyn learns about the Grey
EF.S2.E3.C02 Enforcers suit up.mp4,Enforcers,EF.S2.E3.C02,Enforcers suit up
EF.S2.E3.C03 Enforcers smoke raid Zaun.mp4,Enforcers,EF.S2.E3.C03,Enforcers smoke raid Zaun
EF.S2.E3.C04 Enforcers surprised.mp4,Enforcers,EF.S2.E3.C04,Enforcers surprised
EF.S2.E3.C05 Enforcers interrogate Zaunite.mp4,Enforcers,EF.S2.E3.C05,Enforcers interrogate Zaunite
AB.S2.E3.C06 Ambessa vs black rose.mp4,Ambessa,AB.S2.E3.C06,Ambessa vs black rose
CL.S2.E3.C07 Caitlyn kisses Vi.mp4,Caitlyn,CL.S2.E3.C07,Caitlyn kisses Vi
EF.S2.E3.C08 Enforcers split up.mp4,Enforcers,EF.S2.E3.C08,Enforcers split up
EF.S2.E3.C09 Vi and Cait hunt jinx.mp4,Enforcers,EF.S2.E3.C09,Vi and Cait hunt jinx
AB.S2.E3.C10 Ambessa talks to Salo.mp4,Ambessa,AB.S2.E3.C10,Ambessa talks to Salo
ML.S2.E3.C11 Mel talks to Lest about Ambessa.mp4,Mel,ML.S2.E3.C11,Mel talks to Lest about Ambessa
EF.S2.E3.C12 Vi and Cait in pipes.mp4,Enforcers,EF.S2.E3.C12,Vi and Cait in pipes
JC.S2.E3.C13 Jayce explains wild rune.mp4,Jayce,JC.S2.E3.C13,Jayce explains wild rune
ML.S2.E3.C14 Mel talks to Elora about Ambessa.mp4,Mel,ML.S2.E3.C14,Mel talks to Elora about Ambessa
JC.S2.E3.C15 Jayce Ekko Heim trapped in Arcane.mp4,Jayce,JC.S2.E3.C15,Jayce Ekko Heim trapped in Arcane
EF.S2.E3.C16 Enforcers attack Jinx.mp4,Enforcers,EF.S2.E3.C16,Enforcers attack Jinx
CL.S2.E3.C17 Caitlyn vs Sevika.mp4,Caitlyn,CL.S2.E3.C17,Caitlyn vs Sevika
VI.S2.E3.C18 Vi vs Jinx.mp4,Vi,VI.S2.E3.C18,Vi vs Jinx
EF.S2.E3.C19 Enforcers finish Jinx.mp4,Enforcers,EF.S2.E3.C19,Enforcers finish Jinx
ZN.S2.E3.C20 Zaun smoke attack.mp4,Zaun,ZN.S2.E3.C20,Zaun smoke attack
PO.S2.E3.C21 Piltover gets vandalized.mp4,Piltover,PO.S2.E3.C21,Piltover gets vandalized
CL.S2.E3.C22 Caitlyn breaks up with Vi.mp4,Caitlyn,CL.S2.E3.C22,Caitlyn breaks up with Vi
ML.S2.E3.C23 Mel gets kidnapped by black rose.mp4,Mel,ML.S2.E3.C23,Mel gets kidnapped by black rose
PO.S2.E3.C24 Piltover paint aftermath.mp4,Piltover,PO.S2.E3.C24,Piltover paint aftermath
AB.S2.E3.C25 Ambessa convinces Piltover to war.mp4,Ambessa,AB.S2.E3.C25,Ambessa convinces Piltover to war
AB.S2.E3.C26 Ambessa makes Caitlyn commander.mp4,Ambessa,AB.S2.E3.C26,Ambessa makes Caitlyn commander
AB.S2.E3.C27 Ambessa hires Renni.mp4,Ambessa,AB.S2.E3.C27,Ambessa hires Renni
XX.S2.E3.C28 Singed makes Warwick.mp4,Singed,XX.S2.E3.C28,Singed makes Warwick
LR.S2.E3.C29 Loris leaves enforcers.mp4,Loris,LR.S2.E3.C29,Loris leaves enforcers
MD.S2.E3.C30 Maggie thumps for Caitlyn.mp4,Maddie,MD.S2.E3.C30,Maggie thumps for Caitlyn
PO.S2.E4.C01 Martial law and rebels.mp4,Piltover,PO.S2.E4.C01,Martial law and rebels
IS.S2.E4.C02 Isha admires Jinx.mp4,Isha,IS.S2.E4.C02,Isha admires Jinx
CL.S2.E4.C03 Caitlyn and Maddie.mp4,Caitlyn,CL.S2.E4.C03,Caitlyn and Maddie
IS.S2.E4.C04 Isha bug fight.mp4,Isha,IS.S2.E4.C04,Isha bug fight
IS.S2.E4.C05 Isha and Jinx play.mp4,Isha,IS.S2.E4.C05,Isha and Jinx play
IS.S2.E4.C06 Isha wants to dye hair.mp4,Isha,IS.S2.E4.C06,Isha wants to dye hair
JX.S2.E4.C07 Jinx dyes Isha's hair.mp4,Jinx,JX.S2.E4.C07,Jinx dyes Isha's hair
IS.S2.E4.C08 Isha plays with grenade.mp4,Isha,IS.S2.E4.C08,Isha plays with grenade
IS.S2.E4.C09 Isha wants gun.mp4,Isha,IS.S2.E4.C09,Isha wants gun
AB.S2.E4.C10 Ambessa wants scientists.mp4,Ambessa,AB.S2.E4.C10,Ambessa wants scientists
IS.S2.E4.C11 Isha attacks prison.mp4,Isha,IS.S2.E4.C11,Isha attacks prison
ZN.S2.E4.C12 Zaun prison.mp4,Zaun,ZN.S2.E4.C12,Zaun prison
CL.S2.E4.C13 Caitlyn and Ambessa.mp4,Caitlyn,CL.S2.E4.C13,Caitlyn and Ambessa
PO.S2.E4.C14 Salo learns about Viktor.mp4,Piltover,PO.S2.E4.C14,Salo learns about Viktor
SV.S2.E4.C15 Sevika asks Jinx to rally.mp4,Sevika,SV.S2.E4.C15,Sevika asks Jinx to rally
JX.S2.E4.C16 Jinx talks to dead Silco.mp4,Jinx,JX.S2.E4.C16,Jinx talks to dead Silco
CL.S2.E4.C17 Caitlyn visits mom statue.mp4,Caitlyn,CL.S2.E4.C17,Caitlyn visits mom statue
PO.S2.E4.C18 Riktus interrogates.mp4,Piltover,PO.S2.E4.C18,Riktus interrogates
FL.S2.E4.C19 Firelights mourn Ekko.mp4,Firelights,FL.S2.E4.C19,Firelights mourn Ekko
SV.S2.E4.C20 Sevika visits Vander.mp4,Sevika,SV.S2.E4.C20,Sevika visits Vander
ZN.S2.E4.C21 Zaun rally.mp4,Zaun,ZN.S2.E4.C21,Zaun rally
IS.S2.E4.C22 Isha rallies Zaun.mp4,Isha,IS.S2.E4.C22,Isha rallies Zaun
EF.S2.E4.C23 Piltover arrests Zaun rally.mp4,Enforcers,EF.S2.E4.C23,Piltover arrests Zaun rally
IS.S2.E4.C24 Isha vs Riktus.mp4,Isha,IS.S2.E4.C24,Isha vs Riktus
XX.S2.E4.C25 Singed awakens Warwick.mp4,Singed,XX.S2.E4.C25,Singed awakens Warwick
JX.S2.E4.C26 Jinx looks for Isha.mp4,Jinx,JX.S2.E4.C26,Jinx looks for Isha
JX.S2.E4.C27 Jinx breakdown; learns Isha arrested.mp4,Jinx,JX.S2.E4.C27,Jinx breakdown; learns Isha arrested
ZN.S2.E4.C28 Zaunites shipped to prison.mp4,Zaun,ZN.S2.E4.C28,Zaunites shipped to prison
WW.S2.E4.C29 Warwick pursues trail.mp4,Warwick,WW.S2.E4.C29,Warwick pursues trail
JX.S2.E4.C30 Jinx attacks enforcer.mp4,Jinx,JX.S2.E4.C30,Jinx attacks enforcer
JX.S2.E4.C31 Jinx flips enforcer off.mp4,Jinx,JX.S2.E4.C31,Jinx flips enforcer off
JX.S2.E4.C32 Jinx arrests Sevika.mp4,Jinx,JX.S2.E4.C32,Jinx arrests Sevika
JX.S2.E4.C33 Jinx breaks into prison.mp4,Jinx,JX.S2.E4.C33,Jinx breaks into prison
JX.S2.E4.C34 Jinx breaks into prison.mp4,Jinx,JX.S2.E4.C34,Jinx breaks into prison
EF.S2.E4.C35 Enforcers in prison.mp4,Enforcers,EF.S2.E4.C35,Enforcers in prison
JX.S2.E4.C36 Jinx frees prisoners.mp4,Jinx,JX.S2.E4.C36,Jinx frees prisoners
AB.S2.E4.C37 Ambessa vs Warwick.mp4,Ambessa,AB.S2.E4.C37,Ambessa vs Warwick
JX.S2.E4.C38 Jinx saves Zaunites.mp4,Jinx,JX.S2.E4.C38,Jinx saves Zaunites
JX.S2.E4.C39 Jinx saves Isha in prison.mp4,Jinx,JX.S2.E4.C39,Jinx saves Isha in prison
IS.S2.E4.C40 Isha wants to help Jinx; Sevika takes her away.mp4,Isha,IS.S2.E4.C40,Isha wants to help Jinx; Sevika takes her away
JX.S2.E4.C41 Jinx vs Warwick.mp4,Jinx,JX.S2.E4.C41,Jinx vs Warwick
JX.S2.E4.C42 Jinx fights Warwick in prison.mp4,Jinx,JX.S2.E4.C42,Jinx fights Warwick in prison
JX.S2.E4.C43 Jinx loses against Warwick.mp4,Jinx,JX.S2.E4.C43,Jinx loses against Warwick
WW.S2.E4.C44 Warwick comes to senses with Jinx.mp4,Warwick,WW.S2.E4.C44,Warwick comes to senses with Jinx
VI.S2.E5.C01 Emo Vi introduction.mp4,Vi,VI.S2.E5.C01,Emo Vi introduction
VI.S2.E5.C02 Emo Vi muscles badass.mp4,Vi,VI.S2.E5.C02,Emo Vi muscles badass
VI.S2.E5.C03 Vi drinks at club bar.mp4,Vi,VI.S2.E5.C03,Vi drinks at club bar
VI.S2.E5.C04 Vi winning in fight club.mp4,Vi,VI.S2.E5.C04,Vi winning in fight club
VI.S2.E5.C05 Vi applies grease.mp4,Vi,VI.S2.E5.C05,Vi applies grease
VI.S2.E5.C06 Vi bleeding punches mirror.mp4,Vi,VI.S2.E5.C06,Vi bleeding punches mirror
VI.S2.E5.C07 Vi drowns herself.mp4,Vi,VI.S2.E5.C07,Vi drowns herself
VI.S2.E5.C08 Vi's small apartment.mp4,Vi,VI.S2.E5.C08,Vi's small apartment
VI.S2.E5.C09 Vi gets walked home; pushes away friend; trudges home alone.mp4,Vi,VI.S2.E5.C09,Vi gets walked home; pushes away friend; trudges home alone
VI.S2.E5.C10 Vi sees war banner; Caitlyn.mp4,Vi,VI.S2.E5.C10,Vi sees war banner; Caitlyn
VI.S2.E5.C11 Vi loses and knocked out in fight club.mp4,Vi,VI.S2.E5.C11,Vi loses and knocked out in fight club
VI.S2.E5.C12 Vi dancing in club; sees Caitlyn; punches weirdo.mp4,Vi,VI.S2.E5.C12,Vi dancing in club; sees Caitlyn; punches weirdo
VI.S2.E5.C13 Vi drinks alone; watched by Jinx.mp4,Vi,VI.S2.E5.C13,Vi drinks alone; watched by Jinx
ZN.S2.E5.C14 Zaun fight ring.mp4,Zaun,ZN.S2.E5.C14,Zaun fight ring
ZN.S2.E5.C15 Vi wins; Crowd surprised.mp4,Zaun,ZN.S2.E5.C15,Vi wins; Crowd surprised
ZN.S2.E5.C16 Everyone cheers for Vi fighting.mp4,Zaun,ZN.S2.E5.C16,Everyone cheers for Vi fighting
JX.S2.E5.C17 Jinx bets on Vi.mp4,Jinx,JX.S2.E5.C17,Jinx bets on Vi
JX.S2.E5.C18 Jinx watches emo vi.mp4,Jinx,JX.S2.E5.C18,Jinx watches emo vi
VI.S2.E5.C19 Vi reuinites with Jinx.mp4,Vi,VI.S2.E5.C19,Vi reuinites with Jinx
PO.S2.E5.C20 Stillwater aftermath.mp4,Piltover,PO.S2.E5.C20,Stillwater aftermath
CL.S2.E5.C21 Caitlyn meets Singed.mp4,Caitlyn,CL.S2.E5.C21,Caitlyn meets Singed
XX.S2.E5.C22 Singed interrogation.mp4,Singed,XX.S2.E5.C22,Singed interrogation
ML.S2.E5.C23 Mel wakes up in dungeon.mp4,Mel,ML.S2.E5.C23,Mel wakes up in dungeon
ML.S2.E5.C24 Mel watches Elora die.mp4,Mel,ML.S2.E5.C24,Mel watches Elora die
ML.S2.E5.C25 Mel meets man in dungeon.mp4,Mel,ML.S2.E5.C25,Mel meets man in dungeon
ML.S2.E5.C26 Mel meets Kino.mp4,Mel,ML.S2.E5.C26,Mel meets Kino
VI.S2.E5.C27 Vi joins Jinx and Isha.mp4,Vi,VI.S2.E5.C27,Vi joins Jinx and Isha
JX.S2.E5.C28 Jinx Vi Isha look for Warwick.mp4,Jinx,JX.S2.E5.C28,Jinx Vi Isha look for Warwick
VI.S2.E5.C29 Vi Jinx squabble.mp4,Vi,VI.S2.E5.C29,Vi Jinx squabble
JX.S2.E5.C30 Jinx reconciles with Vi.mp4,Jinx,JX.S2.E5.C30,Jinx reconciles with Vi
AB.S2.E5.C31 Ambessa makes deal with Singed.mp4,Ambessa,AB.S2.E5.C31,Ambessa makes deal with Singed
WW.S2.E5.C32 Warwick memories.mp4,Warwick,WW.S2.E5.C32,Warwick memories
ML.S2.E5.C33 Mel solves puzzle with Kino.mp4,Mel,ML.S2.E5.C33,Mel solves puzzle with Kino
XX.S2.E5.C34 Singed cooks meth.mp4,Singed,XX.S2.E5.C34,Singed cooks meth
CL.S2.E5.C35 Caitlyn investigates Singed.mp4,Caitlyn,CL.S2.E5.C35,Caitlyn investigates Singed
XX.S2.E5.C36 Singed and his daughter.mp4,Singed,XX.S2.E5.C36,Singed and his daughter
ML.S2.E5.C37 Mel realizes she's captured.mp4,Mel,ML.S2.E5.C37,Mel realizes she's captured
ML.S2.E5.C38 Mel uses magic.mp4,Mel,ML.S2.E5.C38,Mel uses magic
WW.S2.E5.C39 Warwick hunts Jinx Vi Isha.mp4,Warwick,WW.S2.E5.C39,Warwick hunts Jinx Vi Isha
VI.S2.E5.C40 Vi and Jinx learn about fathers past.mp4,Vi,VI.S2.E5.C40,Vi and Jinx learn about fathers past
VI.S2.E5.C41 Vi vs Warwick.mp4,Vi,VI.S2.E5.C41,Vi vs Warwick
VD.S2.E5.C42 Vander Silco Vi mom backstory.mp4,Vander,VD.S2.E5.C42,Vander Silco Vi mom backstory
JX.S2.E5.C43 Jinx Vi Warwick Isha hug.mp4,Jinx,JX.S2.E5.C43,Jinx Vi Warwick Isha hug
JC.S2.E5.C44 Jayce released from arcane; kills Salo.mp4,Jayce,JC.S2.E5.C44,Jayce released from arcane; kills Salo
VT.S2.E6.C01 Viktor looks inside Jayce.mp4,Viktor,VT.S2.E6.C01,Viktor looks inside Jayce
PO.S2.E6.C02 Noxus fleet.mp4,Piltover,PO.S2.E6.C02,Noxus fleet
CL.S2.E6.C03 Caitlyn trains with Ambessa.mp4,Caitlyn,CL.S2.E6.C03,Caitlyn trains with Ambessa
JX.S2.E6.C04 Jinx gang go see Viktor.mp4,Jinx,JX.S2.E6.C04,Jinx gang go see Viktor
ZN.S2.E6.C05 Zaun Commune.mp4,Zaun,ZN.S2.E6.C05,Zaun Commune
VT.S2.E6.C06 Viktor tries to heal Warwick.mp4,Viktor,VT.S2.E6.C06,Viktor tries to heal Warwick
VT.S2.E6.C07 Viktor talks to Vi Jinx.mp4,Viktor,VT.S2.E6.C07,Viktor talks to Vi Jinx
VT.S2.E6.C08 Viktor healing Warwick.mp4,Viktor,VT.S2.E6.C08,Viktor healing Warwick
VT.S2.E6.C09 Viktor explores Vander mind.mp4,Viktor,VT.S2.E6.C09,Viktor explores Vander mind
VD.S2.E6.C10 Vander and Vi mom.mp4,Vander,VD.S2.E6.C10,Vander and Vi mom
VI.S2.E6.C11 Vi wants Jinx to stay at commune.mp4,Vi,VI.S2.E6.C11,Vi wants Jinx to stay at commune
ZN.S2.E6.C12 Noxus arrives at commune.mp4,Zaun,ZN.S2.E6.C12,Noxus arrives at commune
XX.S2.E6.C13 Singed remeets with Viktor.mp4,Singed,XX.S2.E6.C13,Singed remeets with Viktor
VI.S2.E6.C14 Vi remeets Caitlyn.mp4,Vi,VI.S2.E6.C14,Vi remeets Caitlyn
ZN.S2.E6.C15 Noxian prepares to invade Commune.mp4,Zaun,ZN.S2.E6.C15,Noxian prepares to invade Commune
JX.S2.E6.C16 Jinx cherishes Isha.mp4,Jinx,JX.S2.E6.C16,Jinx cherishes Isha
VI.S2.E6.C17 Vi plays Ambessa.mp4,Vi,VI.S2.E6.C17,Vi plays Ambessa
VI.S2.E6.C18 Vi vs Ambessa.mp4,Vi,VI.S2.E6.C18,Vi vs Ambessa
JC.S2.E6.C19 Jayce attacks Commune.mp4,Jayce,JC.S2.E6.C19,Jayce attacks Commune
CL.S2.E6.C20 Caitlyn betrays Singed.mp4,Caitlyn,CL.S2.E6.C20,Caitlyn betrays Singed
JC.S2.E6.C21 Jayce tweaks out.mp4,Jayce,JC.S2.E6.C21,Jayce tweaks out
JC.S2.E6.C22 Jayce kills Viktor.mp4,Jayce,JC.S2.E6.C22,Jayce kills Viktor
CL.S2.E6.C23 Caitlyn Jinx Warwick vs Riktus.mp4,Caitlyn,CL.S2.E6.C23,Caitlyn Jinx Warwick vs Riktus
JX.S2.E6.C24 Jinx Vi Warwick family reunion.mp4,Jinx,JX.S2.E6.C24,Jinx Vi Warwick family reunion
ZN.S2.E6.C25 Commune implodes.mp4,Zaun,ZN.S2.E6.C25,Commune implodes
JC.S2.E6.C26 Jayce leaves after ending Commune.mp4,Jayce,JC.S2.E6.C26,Jayce leaves after ending Commune
VT.S2.E6.C27 Viktor killed by Jayce.mp4,Viktor,VT.S2.E6.C27,Viktor killed by Jayce
ZN.S2.E6.C28 Commune war.mp4,Zaun,ZN.S2.E6.C28,Commune war
JX.S2.E6.C29 Jinx watches Isha die.mp4,Jinx,JX.S2.E6.C29,Jinx watches Isha die
IS.S2.E6.C30 Isha sacrifices herself.mp4,Isha,IS.S2.E6.C30,Isha sacrifices herself
JX.S2.E6.C31 Jinx and Isha flashback.mp4,Jinx,JX.S2.E6.C31,Jinx and Isha flashback
EK.S2.E7.C01 Ekko alt uni.mp4,Ekko,EK.S2.E7.C01,Ekko alt uni
EK.S2.E7.C02 Ekko transported by anomoly.mp4,Ekko,EK.S2.E7.C02,Ekko transported by anomoly
EK.S2.E7.C03 Ekko confused in AU.mp4,Ekko,EK.S2.E7.C03,Ekko confused in AU
EK.S2.E7.C04 Ekko sees Powder.mp4,Ekko,EK.S2.E7.C04,Ekko sees Powder
EK.S2.E7.C05 Ekko hugs Benzo.mp4,Ekko,EK.S2.E7.C05,Ekko hugs Benzo
EK.S2.E7.C06 Ekko sees last drop.mp4,Ekko,EK.S2.E7.C06,Ekko sees last drop
EK.S2.E7.C07 Ekko talks to Powder.mp4,Ekko,EK.S2.E7.C07,Ekko talks to Powder
AU.S2.E7.C08 AU Mylo Claggor.mp4,AU,AU.S2.E7.C08,AU Mylo Claggor
EK.S2.E7.C09 Ekko talks to heimerdinger in AU.mp4,Ekko,EK.S2.E7.C09,Ekko talks to heimerdinger in AU
JC.S2.E7.C10 Jayce sees destroyed Piltover.mp4,Jayce,JC.S2.E7.C10,Jayce sees destroyed Piltover
EK.S2.E7.C11 Ekko and Powder see dead Vi.mp4,Ekko,EK.S2.E7.C11,Ekko and Powder see dead Vi
EK.S2.E7.C12 Ekko sees AU Piltover.mp4,Ekko,EK.S2.E7.C12,Ekko sees AU Piltover
EK.S2.E7.C13 Ekko retrives hexcrystals.mp4,Ekko,EK.S2.E7.C13,Ekko retrives hexcrystals
JC.S2.E7.C14 Jayce wanders through wasteland.mp4,Jayce,JC.S2.E7.C14,Jayce wanders through wasteland
AU.S2.E7.C15 AU Vi dies.mp4,AU,AU.S2.E7.C15,AU Vi dies
EK.S2.E7.C16 Ekko in AU Piltover.mp4,Ekko,EK.S2.E7.C16,Ekko in AU Piltover
JC.S2.E7.C17 Jayce tweaks and falls.mp4,Jayce,JC.S2.E7.C17,Jayce tweaks and falls
EK.S2.E7.C18 Ekko talks to Heim about hextech.mp4,Ekko,EK.S2.E7.C18,Ekko talks to Heim about hextech
JC.S2.E7.C19 Jayce survives.mp4,Jayce,JC.S2.E7.C19,Jayce survives
JC.S2.E7.C20 Jayce climbs out.mp4,Jayce,JC.S2.E7.C20,Jayce climbs out
EK.S2.E7.C21 Ekko reconciles with Powder.mp4,Ekko,EK.S2.E7.C21,Ekko reconciles with Powder
JC.S2.E7.C22 Jayce wasteland survivor.mp4,Jayce,JC.S2.E7.C22,Jayce wasteland survivor
EK.S2.E7.C23 Ekko Powder Heim reinvent anomoly.mp4,Ekko,EK.S2.E7.C23,Ekko Powder Heim reinvent anomoly
EK.S2.E7.C24 Ekko discovers time travel.mp4,Ekko,EK.S2.E7.C24,Ekko discovers time travel
JC.S2.E7.C25 Jayce climbs corrupted hexgate.mp4,Jayce,JC.S2.E7.C25,Jayce climbs corrupted hexgate
EK.S2.E7.C26 Ekko says goodbyes to AU.mp4,Ekko,EK.S2.E7.C26,Ekko says goodbyes to AU
EK.S2.E7.C27 Ekko Powder dance.mp4,Ekko,EK.S2.E7.C27,Ekko Powder dance
EK.S2.E7.C28 Ekko Powder kiss.mp4,Ekko,EK.S2.E7.C28,Ekko Powder kiss
JC.S2.E7.C29 Jayce climbs to top.mp4,Jayce,JC.S2.E7.C29,Jayce climbs to top
AU.S2.E7.C30 Powder notices glitches.mp4,AU,AU.S2.E7.C30,Powder notices glitches
EK.S2.E7.C31 Ekko Heim go back.mp4,Ekko,EK.S2.E7.C31,Ekko Heim go back
JC.S2.E7.C32 Jayce meets mage; gets sent back.mp4,Jayce,JC.S2.E7.C32,Jayce meets mage; gets sent back
EK.S2.E7.C33 Ekko Heim portal goes wrong.mp4,Ekko,EK.S2.E7.C33,Ekko Heim portal goes wrong
JC.S2.E7.C34 Jayce teleported.mp4,Jayce,JC.S2.E7.C34,Jayce teleported
HM.S2.E7.C35 Heimerdinger dies.mp4,Heimerdinger,HM.S2.E7.C35,Heimerdinger dies
EK.S2.E7.C36 Ekko teleports back.mp4,Ekko,EK.S2.E7.C36,Ekko teleports back
AU.S2.E7.C37 Powder visits Vi alone.mp4,AU,AU.S2.E7.C37,Powder visits Vi alone
ML.S2.E8.C01 Mel awakens magic.mp4,Mel,ML.S2.E8.C01,Mel awakens magic
ML.S2.E8.C02 Mel talks to illusionist.mp4,Mel,ML.S2.E8.C02,Mel talks to illusionist
ML.S2.E8.C03 Mel learns about Ambessa.mp4,Mel,ML.S2.E8.C03,Mel learns about Ambessa
ML.S2.E8.C04 Mel joins Black Rose; lone mage.mp4,Mel,ML.S2.E8.C04,Mel joins Black Rose; lone mage
AB.S2.E8.C05 Ambessa mourns Riktus.mp4,Ambessa,AB.S2.E8.C05,Ambessa mourns Riktus
XX.S2.E8.C06 Singed revives Viktor.mp4,Singed,XX.S2.E8.C06,Singed revives Viktor
VT.S2.E8.C07 Viktor allies with Ambessa.mp4,Viktor,VT.S2.E8.C07,Viktor allies with Ambessa
VI.S2.E8.C08 Vi nightmare; wakes up.mp4,Vi,VI.S2.E8.C08,Vi nightmare; wakes up
CL.S2.E8.C09 Caitlyn plans with Maddie.mp4,Caitlyn,CL.S2.E8.C09,Caitlyn plans with Maddie
CL.S2.E8.C10 Caitlyn tells Vi Jinx arrested.mp4,Caitlyn,CL.S2.E8.C10,Caitlyn tells Vi Jinx arrested
CL.S2.E8.C11 Caitlyn visits Jinx.mp4,Caitlyn,CL.S2.E8.C11,Caitlyn visits Jinx
ML.S2.E8.C12 Mel returns to Piltover.mp4,Mel,ML.S2.E8.C12,Mel returns to Piltover
JC.S2.E8.C13 Jayce meets Mel mage.mp4,Jayce,JC.S2.E8.C13,Jayce meets Mel mage
ML.S2.E8.C14 Mel and Jayce argue.mp4,Mel,ML.S2.E8.C14,Mel and Jayce argue
JC.S2.E8.C15 Jayce talks to Viktor robot.mp4,Jayce,JC.S2.E8.C15,Jayce talks to Viktor robot
ML.S2.E8.C16 Mel and Jayce vs Viktor.mp4,Mel,ML.S2.E8.C16,Mel and Jayce vs Viktor
JX.S2.E8.C17 Jinx sees Silco in cell.mp4,Jinx,JX.S2.E8.C17,Jinx sees Silco in cell
VI.S2.E8.C18 Vi frees Jinx and betrayed.mp4,Vi,VI.S2.E8.C18,Vi frees Jinx and betrayed
ML.S2.E8.C19 Mel tells Jayce about magic.mp4,Mel,ML.S2.E8.C19,Mel tells Jayce about magic
JC.S2.E8.C20 Jayce unites Piltover for war.mp4,Jayce,JC.S2.E8.C20,Jayce unites Piltover for war
PO.S2.E8.C21 Piltover civilians flee.mp4,Piltover,PO.S2.E8.C21,Piltover civilians flee
ZN.S2.E8.C22 Zaun joins war effort.mp4,Zaun,ZN.S2.E8.C22,Zaun joins war effort
JC.S2.E8.C23 Jayce prepares at Hexgate.mp4,Jayce,JC.S2.E8.C23,Jayce prepares at Hexgate
CL.S2.E8.C24 Caitvi sex.mp4,Caitlyn,CL.S2.E8.C24,Caitvi sex
ML.S2.E8.C25 Mel pleads to Ambessa for peace.mp4,Mel,ML.S2.E8.C25,Mel pleads to Ambessa for peace
AB.S2.E8.C26 Ambessa shows Mel glorious evolution.mp4,Ambessa,AB.S2.E8.C26,Ambessa shows Mel glorious evolution
XX.S2.E8.C27 Singed prepares to revive Viktor.mp4,Singed,XX.S2.E8.C27,Singed prepares to revive Viktor
VT.S2.E8.C28 Viktor sacrifices Skye.mp4,Viktor,VT.S2.E8.C28,Viktor sacrifices Skye
WW.S2.E8.C29 Warwick dies.mp4,Warwick,WW.S2.E8.C29,Warwick dies
VT.S2.E8.C30 Viktor takes chemicals.mp4,Viktor,VT.S2.E8.C30,Viktor takes chemicals
VT.S2.E8.C31 Viktor resurrects.mp4,Viktor,VT.S2.E8.C31,Viktor resurrects
ZN.S2.E8.C32 Commune evolves.mp4,Zaun,ZN.S2.E8.C32,Commune evolves
WW.S2.E8.C33 Warwick revives.mp4,Warwick,WW.S2.E8.C33,Warwick revives
AB.S2.E8.C34 Ambessa tricks Piltover.mp4,Ambessa,AB.S2.E8.C34,Ambessa tricks Piltover
JX.S2.E9.C01 Jinx depressed.mp4,Jinx,JX.S2.E9.C01,Jinx depressed
JX.S2.E9.C02 Jinx cuts hair.mp4,Jinx,JX.S2.E9.C02,Jinx cuts hair
JX.S2.E9.C03 Jinx burns everything.mp4,Jinx,JX.S2.E9.C03,Jinx burns everything
ZN.S2.E9.C04 Zaun burns.mp4,Zaun,ZN.S2.E9.C04,Zaun burns
JX.S2.E9.C05 Jinx blows up.mp4,Jinx,JX.S2.E9.C05,Jinx blows up
EK.S2.E9.C06 Ekko talks to Jinx.mp4,Ekko,EK.S2.E9.C06,Ekko talks to Jinx
PO.S2.E9.C07 Piltover prepares for war.mp4,Piltover,PO.S2.E9.C07,Piltover prepares for war
PO.S2.E9.C08 Piltover defense team plans.mp4,Piltover,PO.S2.E9.C08,Piltover defense team plans
VI.S2.E9.C09 Vi saves enforcer Jinxer.mp4,Vi,VI.S2.E9.C09,Vi saves enforcer Jinxer
NS.S2.E9.C10 Noxus attacks Piltover.mp4,Noxians,NS.S2.E9.C10,Noxus attacks Piltover
ML.S2.E9.C11 Mel commands army.mp4,Mel,ML.S2.E9.C11,Mel commands army
LR.S2.E9.C12 Loris uses Hextech ballista.mp4,Loris,LR.S2.E9.C12,Loris uses Hextech ballista
AB.S2.E9.C13 Ambessa charges into Piltover.mp4,Ambessa,AB.S2.E9.C13,Ambessa charges into Piltover
CL.S2.E9.C14 Caitlyn shoots Ambessa.mp4,Caitlyn,CL.S2.E9.C14,Caitlyn shoots Ambessa
AB.S2.E9.C15 Ambessa signals second wave.mp4,Ambessa,AB.S2.E9.C15,Ambessa signals second wave
NS.S2.E9.C16 Noxians deploy Viktor.mp4,Noxians,NS.S2.E9.C16,Noxians deploy Viktor
VI.S2.E9.C17 Vi fights shimmer Noxians.mp4,Vi,VI.S2.E9.C17,Vi fights shimmer Noxians
CL.S2.E9.C18 Caitlyn joins war.mp4,Caitlyn,CL.S2.E9.C18,Caitlyn joins war
LR.S2.E9.C19 Loris dies.mp4,Loris,LR.S2.E9.C19,Loris dies
EF.S2.E9.C20 Enforcers use grey in war.mp4,Enforcers,EF.S2.E9.C20,Enforcers use grey in war
CL.S2.E9.C21 Caitlyn fights Noxians.mp4,Caitlyn,CL.S2.E9.C21,Caitlyn fights Noxians
EF.S2.E9.C22 Enforcer Steb plants bomb.mp4,Enforcers,EF.S2.E9.C22,Enforcer Steb plants bomb
CL.S2.E9.C23 Caitlyn defeated.mp4,Caitlyn,CL.S2.E9.C23,Caitlyn defeated
EF.S2.E9.C24 Enforcers lose war.mp4,Enforcers,EF.S2.E9.C24,Enforcers lose war
MD.S2.E9.C25 Maddie betrays Caitlyn for Ambessa.mp4,Maddie,MD.S2.E9.C25,Maddie betrays Caitlyn for Ambessa
CL.S2.E9.C26 Caitlyn struggles; Maddie shoots her and dies.mp4,Caitlyn,CL.S2.E9.C26,Caitlyn struggles; Maddie shoots her and dies
ML.S2.E9.C27 Mel enters war against Ambessa.mp4,Mel,ML.S2.E9.C27,Mel enters war against Ambessa
PO.S2.E9.C28 Piltover war pauses; Jinx arrives.mp4,Piltover,PO.S2.E9.C28,Piltover war pauses; Jinx arrives
JX.S2.E9.C29 Jinx joins war.mp4,Jinx,JX.S2.E9.C29,Jinx joins war
EK.S2.E9.C30 Ekko and Firelights join war.mp4,Ekko,EK.S2.E9.C30,Ekko and Firelights join war
ZN.S2.E9.C31 Zaun joins war.mp4,Zaun,ZN.S2.E9.C31,Zaun joins war
EF.S2.E9.C32 Enforcers rejoin war.mp4,Enforcers,EF.S2.E9.C32,Enforcers rejoin war
VI.S2.E9.C33 Vi saved by Jinx.mp4,Vi,VI.S2.E9.C33,Vi saved by Jinx
EF.S2.E9.C34 Enforcer uses Hextech Ballista.mp4,Enforcers,EF.S2.E9.C34,Enforcer uses Hextech Ballista
ML.S2.E9.C35 Mel uses magic.mp4,Mel,ML.S2.E9.C35,Mel uses magic
JC.S2.E9.C36 Jayce shuts down Hexcore.mp4,Jayce,JC.S2.E9.C36,Jayce shuts down Hexcore
VT.S2.E9.C37 Viktor glorious evolution introduction.mp4,Viktor,VT.S2.E9.C37,Viktor glorious evolution introduction
PO.S2.E9.C38 Robots take over Piltover.mp4,Piltover,PO.S2.E9.C38,Robots take over Piltover
WW.S2.E9.C39 Warwick evolution; attacks Vi and Jinx.mp4,Warwick,WW.S2.E9.C39,Warwick evolution; attacks Vi and Jinx
ML.S2.E9.C40 Mel and Caitlyn stand against Ambessa.mp4,Mel,ML.S2.E9.C40,Mel and Caitlyn stand against Ambessa
AB.S2.E9.C41 Ambessa fights Caitlyn Mel.mp4,Ambessa,AB.S2.E9.C41,Ambessa fights Caitlyn Mel
VT.S2.E9.C42 Viktor restores Hexgate.mp4,Viktor,VT.S2.E9.C42,Viktor restores Hexgate
CL.S2.E9.C43 Caitlyn loses against Ambessa.mp4,Caitlyn,CL.S2.E9.C43,Caitlyn loses against Ambessa
ML.S2.E9.C44 Mel defeats Ambessa; betrays Black Rose; Ambessa dies.mp4,Mel,ML.S2.E9.C44,Mel defeats Ambessa; betrays Black Rose; Ambessa dies
VI.S2.E9.C45 Vi and Ekko help Jinx fight Warwick; crashes.mp4,Vi,VI.S2.E9.C45,Vi and Ekko help Jinx fight Warwick; crashes
VI.S2.E9.C46 Vi and Jinx team up.mp4,Vi,VI.S2.E9.C46,Vi and Jinx team up
VT.S2.E9.C47 Viktor flies up.mp4,Viktor,VT.S2.E9.C47,Viktor flies up
VI.S2.E9.C48 Vi and Jinx vs Warwick.mp4,Vi,VI.S2.E9.C48,Vi and Jinx vs Warwick
JC.S2.E9.C49 Jayce and Viktor fight in the air.mp4,Jayce,JC.S2.E9.C49,Jayce and Viktor fight in the air
JC.S2.E9.C50 Jayce loses against Viktor.mp4,Jayce,JC.S2.E9.C50,Jayce loses against Viktor
VT.S2.E9.C51 Viktor takes over Piltover.mp4,Viktor,VT.S2.E9.C51,Viktor takes over Piltover
JC.S2.E9.C52 Jayce gets brainwashed.mp4,Jayce,JC.S2.E9.C52,Jayce gets brainwashed
JC.S2.E9.C53 Jayce enters Glorious Evolution.mp4,Jayce,JC.S2.E9.C53,Jayce enters Glorious Evolution
VT.S2.E9.C54 Viktor gains ultimate power.mp4,Viktor,VT.S2.E9.C54,Viktor gains ultimate power
JC.S2.E9.C55 Jayce pleads to Viktor.mp4,Jayce,JC.S2.E9.C55,Jayce pleads to Viktor
EK.S2.E9.C56 Ekko last stand against Viktor.mp4,Ekko,EK.S2.E9.C56,Ekko last stand against Viktor
VT.S2.E9.C57 Viktor takes over Jayce.mp4,Viktor,VT.S2.E9.C57,Viktor takes over Jayce
EK.S2.E9.C58 Ekko rewinds time.mp4,Ekko,EK.S2.E9.C58,Ekko rewinds time
EK.S2.E9.C59 Ekko throws anomoly at Viktor.mp4,Ekko,EK.S2.E9.C59,Ekko throws anomoly at Viktor
VT.S2.E9.C60 Viktor loses control.mp4,Viktor,VT.S2.E9.C60,Viktor loses control
JC.S2.E9.C61 Jayce shows Viktor vision.mp4,Jayce,JC.S2.E9.C61,Jayce shows Viktor vision
JC.S2.E9.C62 Jayce finds out mage is Viktor.mp4,Jayce,JC.S2.E9.C62,Jayce finds out mage is Viktor
JC.S2.E9.C63 Jayce backstory different timelines.mp4,Jayce,JC.S2.E9.C63,Jayce backstory different timelines
JC.S2.E9.C64 Jayce reconciles with Viktor.mp4,Jayce,JC.S2.E9.C64,Jayce reconciles with Viktor
VT.S2.E9.C65 Viktor undos Glorious Evolution.mp4,Viktor,VT.S2.E9.C65,Viktor undos Glorious Evolution
JC.S2.E9.C66 Jayce and Viktor disappear.mp4,Jayce,JC.S2.E9.C66,Jayce and Viktor disappear
PO.S2.E9.C67 Piltover Glorious Evolution aftermath.mp4,Piltover,PO.S2.E9.C67,Piltover Glorious Evolution aftermath
VI.S2.E9.C68 Vi and Jinx injured after fight.mp4,Vi,VI.S2.E9.C68,Vi and Jinx injured after fight
VI.S2.E9.C69 Vi mourns Warwick.mp4,Vi,VI.S2.E9.C69,Vi mourns Warwick
JX.S2.E9.C70 Jinx saves Vi from Warwick.mp4,Jinx,JX.S2.E9.C70,Jinx saves Vi from Warwick
VI.S2.E9.C71 Vi watches Jinx die.mp4,Vi,VI.S2.E9.C71,Vi watches Jinx die
JX.S2.E9.C72 Jinx blows herself up.mp4,Jinx,JX.S2.E9.C72,Jinx blows herself up
VD.S2.E9.C73 Vander puts Vi Powder to sleep.mp4,Vander,VD.S2.E9.C73,Vander puts Vi Powder to sleep
PO.S2.E9.C74 Piltover war ends; Jayce hammer crumbles.mp4,Piltover,PO.S2.E9.C74,Piltover war ends; Jayce hammer crumbles
PO.S2.E9.C75 Piltover after war.mp4,Piltover,PO.S2.E9.C75,Piltover after war
PO.S2.E9.C76 Piltover mourns losses.mp4,Piltover,PO.S2.E9.C76,Piltover mourns losses
EK.S2.E9.C77 Ekko alone.mp4,Ekko,EK.S2.E9.C77,Ekko alone
SV.S2.E9.C78 Sevika joins Council.mp4,Sevika,SV.S2.E9.C78,Sevika joins Council
XX.S2.E9.C79 Singed and Orianna.mp4,Singed,XX.S2.E9.C79,Singed and Orianna
PO.S2.E9.C80 Raven investigates Hextech.mp4,Piltover,PO.S2.E9.C80,Raven investigates Hextech
ML.S2.E9.C81 Mel returns to Noxus.mp4,Mel,ML.S2.E9.C81,Mel returns to Noxus
CL.S2.E9.C82 Caitlyn investigates Hexgates.mp4,Caitlyn,CL.S2.E9.C82,Caitlyn investigates Hexgates
VI.S2.E9.C83 Vi and Caitlyn settle.mp4,Vi,VI.S2.E9.C83,Vi and Caitlyn settle
PO.S2.E9.C84 Airship leaves Piltover.mp4,Piltover,PO.S2.E9.C84,Airship leaves Piltover
AB.S2.E15.C01 Ambessa injured pregnant wolf.mp4,Ambessa,AB.S2.E15.C01,Ambessa injured pregnant wolf
AB.S2.E15.C02 Ambessa gets visions.mp4,Ambessa,AB.S2.E15.C02,Ambessa gets visions
AB.S2.E15.C03 Ambessa spawn.mp4,Ambessa,AB.S2.E15.C03,Ambessa spawn
AB.S2.E15.C04 Ambessa protects lamb.mp4,Ambessa,AB.S2.E15.C04,Ambessa protects lamb
AB.S2.E15.C05 Ambessa finds statues.mp4,Ambessa,AB.S2.E15.C05,Ambessa finds statues
AB.S2.E15.C06 Ambessa fights warrior.mp4,Ambessa,AB.S2.E15.C06,Ambessa fights warrior
AB.S2.E15.C07 Ambessa's lamb dies.mp4,Ambessa,AB.S2.E15.C07,Ambessa's lamb dies
AB.S2.E15.C08 Ambessa cries.mp4,Ambessa,AB.S2.E15.C08,Ambessa cries
AB.S2.E15.C09 Ambessa becomes a wolf.mp4,Ambessa,AB.S2.E15.C09,Ambessa becomes a wolf
AB.S2.E15.C10 Ambessa sits on throne.mp4,Ambessa,AB.S2.E15.C10,Ambessa sits on throne
AB.S2.E15.C11 Ambessa war god.mp4,Ambessa,AB.S2.E15.C11,Ambessa war god
AB.S2.E15.C12 Ambessa gets back up.mp4,Ambessa,AB.S2.E15.C12,Ambessa gets back up
NX.S3.E0.C01 the Noxian Grand General _ Champion Teaser - League of Legends 1080.mp4,Noxus,NX.S3.E0.C01,the Noxian Grand General _ Champion Teaser - League of Legends 1080
NX.S3.E0.C02 Leblanc draws with magic.mp4,Noxus,NX.S3.E0.C02,Leblanc draws with magic
NX.S3.E0.C03 Kat dances.mp4,Noxus,NX.S3.E0.C03,Kat dances
NX.S3.E0.C04 Kat vs Elise.mp4,Noxus,NX.S3.E0.C04,Kat vs Elise
NX.S3.E0.C05 Mel in Noxus.mp4,Noxus,NX.S3.E0.C05,Mel in Noxus
NX.S3.E0.C06 Darius vs Trundle.mp4,Noxus,NX.S3.E0.C06,Darius vs Trundle
NX.S3.E0.C07 Mel fights illusions.mp4,Noxus,NX.S3.E0.C07,Mel fights illusions
NX.S3.E0.C08 Leblanc and Vlad plot.mp4,Noxus,NX.S3.E0.C08,Leblanc and Vlad plot
