filename,id,character,new_id
1.1.1 Bridge During War.1.mp4,1.1.1,Piltover,1.1.1
1.1.2 Bridge War Enforcer.mp4,1.1.1,Piltover,1.1.2
1.1.1 Vi and Powder Intro.1.mp4,1.1.1,Powder,1.1.3
1.1.1 Vander Meets Vi Pow on Bridge.mp4,1.1.1,Vander,1.1.4
1.1.1.1 Vi and Powder Intro.1.mp4,1.1.1.1,Vi,1.1.5
1.1.1.2 Vi Sees Dead Parents.mp4,1.1.1.2,Vi,1.1.6
1.1.1.3 Vi looks angrily at Enforcers and Piltover.mp4,1.1.1.3,Vi,1.1.7
1.1.2.6 Mylo Picks Lock And Fails_1_1.mp4,1.1.2.4,Mylo,1.1.8
1.1.2.0 Powder Beautiful Shot + Powder Jumps Over Chasm.mp4,1.1.2.3,Powder,1.1.9
1.1.2 Vander Meets Vi Pow on Bridge.1.mp4,1.1.2,Vander,1.1.10
1.1.2 Vander Meets Vi Pow on Bridge.mp4,1.1.2,Vander,1.1.11
1.1.2.1 Vi Gang Climb on Roof and Gaze at Piltover.mp4,1.1.2.1,Vi,1.1.12
1.1.2.2 Vi Gang Jump Over Chasm.mp4,1.1.2.2,Vi,1.1.13
1.1.2.5 Vi Gang Break Into Jayce's Lab.mp4,1.1.2.3,Vi,1.1.14
1.1.3 Piltover Building Blows Up.mp4,1.1.3,Piltover,1.1.15
1.1.3.0 Powder Looks at Tech in Jayce's Lab.mp4,1.1.3.0,Powder,1.1.16
1.1.3.01 Powder Beautiful Shot Looking at Hex Crystal.mp4,1.1.3.01,Powder,1.1.17
1.1.3.1 Powder Finds Hextech.mp4,1.1.3.1,Powder,1.1.18
1.1.3.2 Powder Blows Up Jayce's Lab.mp4,1.1.3.3,Powder,1.1.19
1.1.3.1 Vi Gang In Jayce's Lab Looking At Tech.mp4,1.1.3.1,Vi,1.1.20
1.1.3.2 Vi Gang Hears Jayce About To Enter.mp4,1.1.3.2,Vi,1.1.21
1.1.4.1 Enforcers Throw Net.mp4,1.1.4.1,Enforcers,1.1.22
1.1.4.2 Enforcers Fall When Running Across Bridge.mp4,1.1.4.2,Enforcers,1.1.23
1.1.4.1 Enforcers Throw Net.mp4,1.1.4.1,Piltover,1.1.24
1.1.4.2 Enforcers Fall When Running Across Bridge.mp4,1.1.4.2,Piltover,1.1.25
1.1.4.1 Vi Gang Escape From Piltover While Chased By Enforcers_1.mp4,1.1.4.1,Vi,1.1.26
1.1.4.2 VI Gang Cross Bridge_1.mp4,1.1.4.2,Vi,1.1.27
1.1.4.3 Vi Gang Throw Off Enforcers During Chase_1.mp4,1.1.4.3,Vi,1.1.28
1.1.4.4 Vi Gang Jump Down Sewer_1.mp4,1.1.4.4,Vi,1.1.29
1.1.5.1 Deckard Stops Vi's Gang.mp4,1.1.5.1,Deckard,1.1.30
1.1.5.3 Dekard Tries to Threaten Vi With Knife and Runs Away.mp4,1.1.5.6,Deckard,1.1.31
1.1.5.1 Mylo Roasts Powder for Losing Everything_1_1.mp4,1.1.5.8,Mylo,1.1.32
1.1.5.2 Mylo Roasts Powder Again for Losing Everything_1_1.mp4,1.1.5.10,Mylo,1.1.33
1.1.4.2 Powder's Bomb Fails.mp4,1.1.5.4,Powder,1.1.34
1.1.4.3 Powder Throws Bag Into Water.mp4,1.1.5.5,Powder,1.1.35
1.1.5.1 Powder Gets Roasted by Myle for Losing Everything.mp4,1.1.5.9,Powder,1.1.36
1.1.5.1 Vi Gang Stopped By Deckard_1.mp4,1.1.5.2,Vi,1.1.37
1.1.5.2 Vi Gang Fight Deckard Gang_1.mp4,1.1.5.3,Vi,1.1.38
1.1.5.3 Vi Shows Deckard Who Has Balls_1.mp4,1.1.5.7,Vi,1.1.39
"1.1.6.1 Vi Gang Sad, Beaten Up, with Nothing left_1.mp4",1.1.6.1,Vi,1.1.40
1.1.6.2 Vi Gang Take Elevator Into Zaun_1.mp4,1.1.6.2,Vi,1.1.41
1.1.7.0 Vander Smokes A Pipe Very Cool.mp4,1.1.7.0,Vander,1.1.42
1.1.7.1 Vander Intimidates Scammers.mp4,1.1.7.1,Vander,1.1.43
1.1.7 Inside the Last Drop.mp4,1.1.7,Zaun,1.1.44
1.1.7.1 A business deal within Zaun.mp4,1.1.7.1,Zaun,1.1.45
1.1.8.8 Mylo Roasted by Vi for big mouth_1_1.mp4,1.1.8.8,Mylo,1.1.46
1.1.8.6 Powder Finds Hex Crystals and Goes to show vi.mp4,1.1.8.6,Powder,1.1.47
1.1.8.7 Powder Overhears Mylo and Vi Talking About Her.mp4,1.1.8.7,Powder,1.1.48
1.1.8.8 Powder gets sad and runs away when eavesdropping.mp4,1.1.8.8,Powder,1.1.49
1.1.8.2 Vander Roasts Kids For Going Into Piltover.mp4,1.1.8.2,Vander,1.1.50
1.1.8.3 Vander Roasts Vi and Kicks everyone out.mp4,1.1.8.3,Vander,1.1.51
1.1.8.4 Vander has a Heart to Heart With Vias he Patches her up.mp4,1.1.8.4,Vander,1.1.52
1.1.8.5 Vander Roasts Mylo and Takes Claggor.mp4,1.1.8.5,Vander,1.1.53
1.1.8.1 Vi Gang Go Back To Their Base_1.mp4,1.1.8.1,Vi,1.1.54
1.1.8.2 Vi Gang Roasted by Vander For Going Into Piltover_1.mp4,1.1.8.2,Vi,1.1.55
1.1.8.3 Vi roasted by Vander and he Kicks everyone out_1.mp4,1.1.8.3,Vi,1.1.56
1.1.8.4 Vi has a Heart to Heart With Vander as he Patches her up_1.mp4,1.1.8.4,Vi,1.1.57
1.1.8.8 Vi Roasts Mylo for big mouth_1.mp4,1.1.8.8,Vi,1.1.58
1.1.9.1 Ekko gets introduced.mp4,1.1.9.1,Ekko,1.1.59
1.1.9.2 Ekko talks to Claggor.mp4,1.1.9.2,Ekko,1.1.60
1.1.9.3 Ekko spies on Vander and Enforcers.mp4,1.1.9.3,Ekko,1.1.61
1.1.9.1 Enforcers Enter Benzo's Shop.mp4,1.1.9.1,Enforcers,1.1.62
1.1.9.4 Enforcer underground deal with Vander.mp4,1.1.9.4,Enforcers,1.1.63
1.1.9.1 Vander Goes to Benzo's Shop with Claggor.mp4,1.1.9.1,Vander,1.1.64
1.1.9.2 Vander Talks to Benzo.mp4,1.1.9.2,Vander,1.1.65
1.1.9.3 Vander clutches his scar from Silco.mp4,1.1.9.3,Vander,1.1.66
1.1.9.4 Vander underground deal with Enforcers.mp4,1.1.9.4,Vander,1.1.67
1.1.10.1 Powder draws on grenade.mp4,1.1.10.1,Powder,1.1.68
1.1.10.2 Powder tells Vi about hex crystals.mp4,1.1.10.2,Powder,1.1.69
1.1.10.1 Vi tries to cheer up Powder_1.mp4,1.1.10.1,Vi,1.1.70
1.1.10.2 Vi tells Powder about Zaun_1.mp4,1.1.10.2,Vi,1.1.71
"1.1.10.3 Vi hugs Powder, Cute Shot_1.mp4",1.1.10.3,Vi,1.1.72
"1.1.10.4 Vi and Powder look up at Piltover, Beautiful Shot_1.mp4",1.1.10.4,Vi,1.1.73
1.1.10.1 Zaun at night.mp4,1.1.10.1,Zaun,1.1.74
1.1.11.1 Deckard gets threatened by Silco.mp4,1.1.11.1,Deckard,1.1.75
1.1.11.1 Silco introduction.mp4,1.1.11.1,Silco,1.1.76
1.1.11.1 Singed and Silco shimmer experiment.mp4,1.1.11.1,Singed,1.1.77
"1.2.1.1 Jayce introduction, gets knocked out by explosion.mp4",1.2.1.1,Jayce,1.2.1
"1.2.1.2 Jayce flashback, mom collapses from cold.mp4",1.2.1.2,Jayce,1.2.2
1.2.1.3 Jayce gets saved and teleported by mage.mp4,1.2.1.3,Jayce,1.2.3
1.2.1.4 Jayce gets inspired by mage and receives crystal.mp4,1.2.1.4,Jayce,1.2.4
1.2.2.1 Jayce gets quesitoned and arrested in blown up laboratory.mp4,1.2.2.1,Jayce,1.2.5
"1.2.2.1 Viktor introduction in Jayce's lab, talks about assistant dean.mp4",1.2.2.1,Viktor,1.2.6
"1.2.3.1 Heimerdinger introduction, meets Jayce in prison.mp4",1.2.3.1,Heimerdinger,1.2.7
1.2.3.1 Jayce talks to Heimerdinger about magic is bad.mp4,1.2.3.1,Jayce,1.2.8
1.2.4.1 Enforcer police brutality.mp4,1.2.4.1,Enforcers,1.2.9
1.2.4.2 Enforcers fail to catch kids.mp4,1.2.4.2,Enforcers,1.2.10
1.2.4.1 Mel introduction.mp4,1.2.4.1,Mel,1.2.11
1.2.4.1 Kiramanns introduced.mp4,1.2.4.1,Piltover,1.2.12
"1.2.4.1 Powder showcases aimlabs, shooting skills.mp4",1.2.4.1,Powder,1.2.13
1.2.4.1 Vi uses boxing machine.mp4,1.2.4.1,Vi,1.2.14
1.2.4.2 Vi gang run from enforcers.mp4,1.2.4.2,Vi,1.2.15
1.2.4.1 Zaunite gets throws through window by Enforcers.mp4,1.2.4.1,Zaun,1.2.16
1.2.5.1 Sevika pressures Vander.mp4,1.2.5.1,Sevika,1.2.17
1.2.5.1 Vander cool shot smoking and lectured Zaun about peace.mp4,1.2.5.1,Vander,1.2.18
1.2.5.1 Vi gang want to fight and find out about Vander's deal.mp4,1.2.5.1,Vi,1.2.19
1.2.5.1 Zaun wants to fight.mp4,1.2.5.1,Zaun,1.2.20
"1.2.6.1 Heimerdinger ptsd moment, magic bad.mp4",1.2.6.1,Heimerdinger,1.2.21
1.2.6 Jayce gets mad at his mom.mp4,1.2.6,Jayce,1.2.22
1.2.6.1 Jayce trial begins.mp4,1.2.6.1,Jayce,1.2.23
1.2.6.2 Jayce defends magic at his trial.mp4,1.2.6.2,Jayce,1.2.24
1.2.6.3 Jayce gets expelled from the academy.mp4,1.2.6.3,Jayce,1.2.25
1.2.6.1 Piltover's Council introduced.mp4,1.2.6.1,Piltover,1.2.26
1.2.8.1 Heimerdinger disappointed with Viktor.mp4,1.2.8.1,Heimerdinger,1.2.27
"1.2.8.1 Viktor talks to Heimerdinger, steals Jayce notes.mp4",1.2.8.1,Viktor,1.2.28
1.2.9.1 Deckard gets peer pressured into taking shimmer.mp4,1.2.9.1,Deckard,1.2.29
1.2.9.2 Deckard takes shimmer and turns into monster.mp4,1.2.9.2,Deckard,1.2.30
1.2.9.1 Silco lectures Deckard about strength power and monsters.mp4,1.2.9.1,Silco,1.2.31
1.2.10.1 Caitlyn umbrella in the rain.mp4,1.2.10.1,Caitlyn,1.2.32
1.2.10.1 Jayce sad in the rain.mp4,1.2.10.1,Jayce,1.2.33
1.2.11.1 Enforcers told to destroy Zaun.mp4,1.2.11.1,Enforcers,1.2.34
1.2.11.1 Council crack down on Zaun.mp4,1.2.11.1,Piltover,1.2.35
1.2.12.1 Marcus confronts Vander.mp4,1.2.12.1,Marcus,1.2.36
1.2.12.1 Vander deals with Enforcers.mp4,1.2.12.1,Vander,1.2.37
1.2.12.1 Vi gang hide from Enforcer.mp4,1.2.12.1,Vi,1.2.38
1.2.12.2 Vi wants Vander to fight.mp4,1.2.12.2,Vi,1.2.39
1.2.12.3 Vi gets talked down by Vander.mp4,1.2.12.3,Vi,1.2.40
1.2.12.4 Vi learns peace from Vander.mp4,1.2.12.4,Vi,1.2.41
1.2.12.1 Zaun bridge at night.mp4,1.2.12.1,Zaun,1.2.42
1.2.13.1 Jayce depressed and meets Viktor.mp4,1.2.13.1,Jayce,1.2.43
1.2.13.1 Viktor inspires Jayce.mp4,1.2.13.1,Viktor,1.2.44
1.2.14.1 Marcus told off by Greyson.mp4,1.2.14.1,Marcus,1.2.45
1.2.14.1 Powder gets encouragement from Vi.mp4,1.2.14.1,Powder,1.2.46
1.2.14.1 Vi says what makes you different makes you strong.mp4,1.2.14.1,Vi,1.2.47
1.2.15.1 Powder sad with Vander.mp4,1.2.15.1,Powder,1.2.48
1.2.15.1 Vander pours Powder a drink.mp4,1.2.15.1,Vander,1.2.49
1.2.15.1 Vi turns herself in to Enforcers.mp4,1.2.15.1,Vi,1.2.50
1.3.0 Silco drowned by Vander.mp4,1.3.0,Silco,1.3.1
1.3.1 Silco drowns peacefully.mp4,1.3.1,Silco,1.3.2
1.3.2.1 Silco attacks Vander and Enforcers.mp4,1.3.2.1,Silco,1.3.3
1.3.2.2 Silco captures Vander.mp4,1.3.2.2,Silco,1.3.4
1.3.2.1 Vander protects Vi from enforcers.mp4,1.3.2.1,Vander,1.3.5
1.3.2.2 Vander gives himself up.mp4,1.3.2.2,Vander,1.3.6
1.3.2.1 Vi cries and bangs door.mp4,1.3.2.1,Vi,1.3.7
1.3.2.1 Vi cries and hugs Ekko.mp4,1.3.2.1,Vi,1.3.8
1.3.3.1 Jayce and Victor do science.mp4,1.3.3.1,Jayce,1.3.9
1.3.3.1 Viktor and Jayce do science.mp4,1.3.3.1,Viktor,1.3.10
1.3.4.1 Silco's lair.mp4,1.3.4.1,Zaun,1.3.11
1.3.5.1 Jayce tries to sneak.mp4,1.3.5.1,Jayce,1.3.12
1.3.5.1 Mel catches Jayce and Viktor.mp4,1.3.5.1,Mel,1.3.13
1.3.5.1 Sevika smokes a cigar.mp4,1.3.5.1,Sevika,1.3.14
1.3.5.1 Silco talks to Vander.mp4,1.3.5.1,Silco,1.3.15
1.3.5.2 Silco talks to Vander about shimmer.mp4,1.3.5.2,Silco,1.3.16
1.3.5.1 Vandertalks to Silco.mp4,1.3.5.1,Vander,1.3.17
1.3.5.2 Vander learns about shimmer.mp4,1.3.5.2,Vander,1.3.18
1.3.6.1 Jayce and Victor stabilize hex crystal.mp4,1.3.6.1,Jayce,1.3.19
1.3.6.2 Jayce and Victor hex experiement goes wrong.mp4,1.3.6.2,Jayce,1.3.20
1.3.6.1 Vi teels gang about Vander.mp4,1.3.6.1,Vi,1.3.21
1.3.6.2 Vi tells Powder not to come.mp4,1.3.6.2,Vi,1.3.22
1.3.6.1 Viktor and Jayce stabilize hex crystal.mp4,1.3.6.1,Viktor,1.3.23
1.3.6.2 Viktor and Jayce hex experiement goes wrong.mp4,1.3.6.2,Viktor,1.3.24
1.3.7.1 Powder mental breakdown.mp4,1.3.7.1,Powder,1.3.25
1.3.7.2 Powder understands hex crystal.mp4,1.3.7.2,Powder,1.3.26
1.3.8.1 Vi gang get to Vander.mp4,1.3.8.1,Vi,1.3.27
1.3.9.1 Vi fights Silco men.mp4,1.3.9.1,Vi,1.3.28
1.3.9.2 Vi runs from Deckard.mp4,1.3.9.2,Vi,1.3.29
"1.3.10.1 Deckard takes shimmer again, fights Vi, and blows up.mp4",1.3.10.1,Deckard,1.3.30
1.3.10.1 Heimerdinger tries to stop hextech.mp4,1.3.10.1,Heimerdinger,1.3.31
1.3.10.1 Jayce completes Hextech.mp4,1.3.10.1,Jayce,1.3.32
1.3.10.2 Jayce invents Hextech.mp4,1.3.10.2,Jayce,1.3.33
1.3.10.1 Mylo and Claggor die_1.mp4,1.3.10.1,Mylo,1.3.34
1.3.10.1 Powder uses monkey bomb and gets inspired.mp4,1.3.10.1,Powder,1.3.35
1.3.10.1 Powder uses monkey bomb.mp4,1.3.10.1,Powder,1.3.36
1.3.10.1 Sevika loses her arm.mp4,1.3.10.1,Sevika,1.3.37
1.3.10.1 Singed gets combusted.mp4,1.3.10.1,Singed,1.3.38
1.3.10.2 Vi gang and Vander almost escape.mp4,1.3.10.2,Vi,1.3.39
1.3.10.1 Viktor flies because of Hextech.mp4,1.3.10.1,Viktor,1.3.40
1.3.11.1 Deckard vs Vander.mp4,1.3.11.1,Deckard,1.3.41
1.3.11.2 Deckard killed by Vander.mp4,1.3.11.2,Deckard,1.3.42
1.3.11.1 Vander fights.mp4,1.3.11.1,Vander,1.3.43
1.3.11.2 Vander gets killed by Silco.mp4,1.3.11.2,Vander,1.3.44
1.3.11.3 Vander takes shimmer.mp4,1.3.11.3,Vander,1.3.45
1.3.11.4 Vander shimmer monster saves Vi.mp4,1.3.11.4,Vander,1.3.46
1.3.11.1 Vi traumatized.mp4,1.3.11.1,Vi,1.3.47
1.3.12.1 Silco kills Vander.mp4,1.3.12.1,Silco,1.3.48
1.3.12.1 Vander dies.mp4,1.3.12.1,Vander,1.3.49
1.3.12.0 Vi makes Jinx.mp4,1.3.12.0,Vi,1.3.50
1.3.12.1 Vi hears Vander last words.mp4,1.3.12.1,Vi,1.3.51
1.3.12.2 Vi yells at Powder.mp4,1.3.12.2,Vi,1.3.52
1.3.12.3 Vi gets kidnapped.mp4,1.3.12.3,Vi,1.3.53
"1.3.13.1 Powder becomes Jinx, gets adopted.mp4",1.3.13.1,Powder,1.3.54
1.3.13.1 Silco finds Powder.mp4,1.3.13.1,Silco,1.3.55
1.4.1.1 Heimerdinger talks to Jayce about history.mp4,1.4.1.1,Heimerdinger,1.4.1
1.4.1.1 Jayce invited by Heimerdinger for speech.mp4,1.4.1.1,Jayce,1.4.2
1.4.1.1 Piltover post-timsekip.mp4,1.4.1.1,Piltover,1.4.3
1.4.1.2 Hexgate.mp4,1.4.1.2,Piltover,1.4.4
1.4.2.1 Caitlyn timeskip introduction talk with Jayce.mp4,1.4.2.1,Caitlyn,1.4.5
1.4.2.1 Progress day.mp4,1.4.2.1,Piltover,1.4.6
1.4.3.1 Firelights raid shimmer smuggling airship.mp4,1.4.3.1,Firelights,1.4.7
1.4.3.2 Firelights killed by Jinx.mp4,1.4.3.2,Firelights,1.4.8
1.4.3.3 Firelights fight Jinx.mp4,1.4.3.3,Firelights,1.4.9
1.4.3.1 Jinx introduction.mp4,1.4.3.1,Jinx,1.4.10
1.4.3.2 Jinx vs Firelights.mp4,1.4.3.2,Jinx,1.4.11
"1.4.3.3 Jinx mental breakdown, shoots everywhere.mp4",1.4.3.3,Jinx,1.4.12
1.4.3.1 Shimmer gets smuggled on airship.mp4,1.4.3.1,Piltover,1.4.13
1.4.3.1 Sevika mad at Jinx.mp4,1.4.3.1,Sevika,1.4.14
1.4.4.1 Heimerdinger wants Hextech safeguards.mp4,1.4.4.1,Heimerdinger,1.4.15
1.4.4.0 Jayce looks at Hexgem.mp4,1.4.4.0,Jayce,1.4.16
1.4.4.1 Jayce shows Hexgem.mp4,1.4.4.1,Jayce,1.4.17
1.4.4.2 Jayce introduces new hextech.mp4,1.4.4.2,Jayce,1.4.18
1.4.4.3 Jayce uses Hex gauntlets to break rock.mp4,1.4.4.3,Jayce,1.4.19
1.4.4.1 Viktor uses Hex claw.mp4,1.4.4.1,Viktor,1.4.20
1.4.4.2 Viktor pleads Heimerdinger for progress.mp4,1.4.4.2,Viktor,1.4.21
1.4.5.1 Caitlyn investigates.mp4,1.4.5.1,Caitlyn,1.4.22
1.4.5.2 Caitlyn interrogates.mp4,1.4.5.2,Caitlyn,1.4.23
1.4.6.1 Jinx and Silco talk.mp4,1.4.6.1,Jinx,1.4.24
1.4.6.1 Sevika lectured by Silco.mp4,1.4.6.1,Sevika,1.4.25
1.4.6.1 Silco chills in his room.mp4,1.4.6.1,Silco,1.4.26
1.4.6.2 Silco lectures Jinx.mp4,1.4.6.2,Silco,1.4.27
1.4.6.3 Silco takes shimmer medicine.mp4,1.4.6.3,Silco,1.4.28
1.4.6.1 Zaun introduction post timeskip.mp4,1.4.6.1,Zaun,1.4.29
1.4.7.1 Mel party.mp4,1.4.7.1,Mel,1.4.30
1.4.7.2 Mel into Jayce.mp4,1.4.7.2,Mel,1.4.31
"1.4.7.1 Sunset, Jayce advertisement.mp4",1.4.7.1,Piltover,1.4.32
1.4.8.1 Jinx throws bombs in her tower hideout.mp4,1.4.8.1,Jinx,1.4.33
"1.4.9.1 Jayce famous, begins speech.mp4",1.4.9.1,Jayce,1.4.34
1.4.9.2 Jayce celebrates Piltover.mp4,1.4.9.2,Jayce,1.4.35
1.4.9.1 Hexgate at night.mp4,1.4.9.1,Piltover,1.4.36
1.4.9.1 Viktor in shadows.mp4,1.4.9.1,Viktor,1.4.37
1.4.10.1 Caitlyn talks with Enforcers.mp4,1.4.10.1,Caitlyn,1.4.38
1.4.10.2 Caitlyn gets blown up.mp4,1.4.10.2,Caitlyn,1.4.39
1.4.11.1 Enforcers die in fire.mp4,1.4.11.1,Enforcers,1.4.40
1.4.11.1 Jayce becomes councilor.mp4,1.4.11.1,Jayce,1.4.41
1.4.11.1 Mel manipulates council.mp4,1.4.11.1,Mel,1.4.42
1.4.12.1 Heimerdinger sad about terrorism.mp4,1.4.12.1,Heimerdinger,1.4.43
"1.4.12.1 Jinx scolded by Silco, gives hexgem.mp4",1.4.12.1,Jinx,1.4.44
1.4.12.2 Jinx fireworks.mp4,1.4.12.2,Jinx,1.4.45
1.4.12.1 Jinx vandalism.mp4,1.4.12.1,Piltover,1.4.46
1.4.13.1 Caitlyn rants about her investigation.mp4,1.4.13.1,Caitlyn,1.4.47
1.4.13.1 Vi prison fight.mp4,1.4.13.1,Vi,1.4.48
"1.4.13.2 Vi timeskip introduction, meets Caitlyn.mp4",1.4.13.2,Vi,1.4.49
"1.4.14.1 Caitlyn goes to stillwater, talks to guard.mp4",1.4.14.1,Caitlyn,1.4.50
1.4.14.2 Caitlyn goes down elevator.mp4,1.4.14.2,Caitlyn,1.4.51
1.4.14.3 Caitlyn meets Vi.mp4,1.4.14.3,Caitlyn,1.4.52
1.5.1.1 Caitlyn young shooting gun.mp4,1.5.1.1,Caitlyn,1.5.1
1.5.1.2 Caitlyn confronts Greyson.mp4,1.5.1.2,Caitlyn,1.5.2
1.5.1.3 Caitlyn inspired by Greyson.mp4,1.5.1.3,Caitlyn,1.5.3
1.5.1.1 Kiramann party.mp4,1.5.1.1,Piltover,1.5.4
"1.5.2.1 Caitlyn interrogates Vi, releases her.mp4",1.5.2.1,Caitlyn,1.5.5
1.5.2.1 Stillwater prison.mp4,1.5.2.1,Piltover,1.5.6
1.5.2.1 Vi released from prison.mp4,1.5.2.1,Vi,1.5.7
1.5.3.1 Marcus gives funeral speech.mp4,1.5.3.1,Marcus,1.5.8
1.5.3.2 Marcus visits grave with daughter.mp4,1.5.3.2,Marcus,1.5.9
1.5.3 Vi Shows Deckard Who Has Balls.mp4,1.5.3,Vi,1.5.10
1.5.4.1 Marcus works for Silco.mp4,1.5.4.1,Marcus,1.5.11
1.5.4.1 Hexgate inner workings.mp4,1.5.4.1,Piltover,1.5.12
1.5.4.1 Silco intiminates Marcus.mp4,1.5.4.1,Silco,1.5.13
1.5.5.1 Jayce talks to Marcus about corruption.mp4,1.5.5.1,Jayce,1.5.14
"1.5.5.1 Viktor in Hexgate, coughs blood, has visions.mp4",1.5.5.1,Viktor,1.5.15
1.5.6.1 Jinx tower.mp4,1.5.6.1,Zaun,1.5.16
1.5.7.1 Jinx learns Hextech.mp4,1.5.7.1,Jinx,1.5.17
1.5.7.2 Jinx Hextech goes wrong.mp4,1.5.7.2,Jinx,1.5.18
"1.5.7.3 Jinx scared of Hextech, trauma.mp4",1.5.7.3,Jinx,1.5.19
1.5.8.1 Caitlyn parkours into Zaun.mp4,1.5.8.1,Caitlyn,1.5.20
1.5.8.1 Vi parkous into Zaun.mp4,1.5.8.1,Vi,1.5.21
1.5.8.2 Vi gets cool jacket.mp4,1.5.8.2,Vi,1.5.22
1.5.9.1 Hexcore blueprint.mp4,1.5.9.1,Piltover,1.5.23
1.5.9.1 Viktor Hexcore first time.mp4,1.5.9.1,Viktor,1.5.24
1.5.10.1 Vi eats food in Zaun.mp4,1.5.10.1,Vi,1.5.25
1.5.11.1 Heimerdinger oblivious in opera and corruption.mp4,1.5.11.1,Heimerdinger,1.5.26
1.5.11.1 Jayce good at corruption and politics.mp4,1.5.11.1,Jayce,1.5.27
"1.5.11.1 Jinx confronts her past, kills crow.mp4",1.5.11.1,Jinx,1.5.28
1.5.11.2 Jinx rage emotions.mp4,1.5.11.2,Jinx,1.5.29
1.5.11.1 Mel and Jayce at opera.mp4,1.5.11.1,Mel,1.5.30
1.5.11.2 Mel pressures Jayce for corruption.mp4,1.5.11.2,Mel,1.5.31
"1.5.11.3 Mel manipulates noble, impressed with Jayce politics.mp4",1.5.11.3,Mel,1.5.32
1.5.11.1 Piltover opera.mp4,1.5.11.1,Piltover,1.5.33
1.5.11.1 Vi looks at changed home.mp4,1.5.11.1,Vi,1.5.34
1.5.12.1 Caitlyn and Vi visit brothel.mp4,1.5.12.1,Caitlyn,1.5.35
1.5.12.2 Caitlyn blends into brothel.mp4,1.5.12.2,Caitlyn,1.5.36
1.5.12.1 Vi hits on Caitlyn.mp4,1.5.12.1,Vi,1.5.37
1.5.12.2 Vi visits brothel.mp4,1.5.12.2,Vi,1.5.38
1.5.12.3 Vi finds out Caitlyn is gay.mp4,1.5.12.3,Vi,1.5.39
1.5.12.1 Zaun brothel.mp4,1.5.12.1,Zaun,1.5.40
1.5.13.1 Jayce talks about Hextech greatness.mp4,1.5.13.1,Jayce,1.5.41
1.5.13.1 Jinx in ceiling talking with Silco.mp4,1.5.13.1,Jinx,1.5.42
1.5.13.1 Mel seduces Jayce.mp4,1.5.13.1,Mel,1.5.43
1.5.13.2 Mel kisses Jayce.mp4,1.5.13.2,Mel,1.5.44
1.5.13.3 Mel has intercourse with Jayce.mp4,1.5.13.3,Mel,1.5.45
1.5.13.1 Hexcore consumes Viktor's blood.mp4,1.5.13.1,Piltover,1.5.46
1.5.13.1 Viktor fails using Hexcore.mp4,1.5.13.1,Viktor,1.5.47
1.5.13.2 Viktor rejects Skye.mp4,1.5.13.2,Viktor,1.5.48
1.5.13.3 Viktor gives up on Hexcore.mp4,1.5.13.3,Viktor,1.5.49
1.5.13.4 Viktor coughs blood and passes out.mp4,1.5.13.4,Viktor,1.5.50
1.5.14.1 Jinx baptized by Silco.mp4,1.5.14.1,Jinx,1.5.51
1.5.14.1 Hexcore in action.mp4,1.5.14.1,Piltover,1.5.52
1.5.14.1 Silco teaches Jinx about conquering the past.mp4,1.5.14.1,Silco,1.5.53
1.5.15.1 Marcus angry at himself.mp4,1.5.15.1,Marcus,1.5.54
1.5.15.1 Mel wakes up alone.mp4,1.5.15.1,Mel,1.5.55
1.5.15.1 Sevika gambling.mp4,1.5.15.1,Sevika,1.5.56
1.5.15.1 Viktor dying of disease.mp4,1.5.15.1,Viktor,1.5.57
1.5.15.1 Zaun band.mp4,1.5.15.1,Zaun,1.5.58
"1.5.16.1 Caitlyn shoots Sevika, saves Vi.mp4",1.5.16.1,Caitlyn,1.5.59
"1.5.16.2 Caitlyn saves Vi,, they bond.mp4",1.5.16.2,Caitlyn,1.5.60
1.5.16.1 Jinx unlocks Hextech.mp4,1.5.16.1,Jinx,1.5.61
1.5.16.1 Sevika shimmer arm.mp4,1.5.16.1,Sevika,1.5.62
1.5.16.2 Sevika stabs Vi.mp4,1.5.16.2,Sevika,1.5.63
1.5.16.3 Sevika tells Silco about Vi.mp4,1.5.16.3,Sevika,1.5.64
1.5.16.1 Silco does makeup.mp4,1.5.16.1,Silco,1.5.65
1.5.16.1 Vi confronts Sevika.mp4,1.5.16.1,Vi,1.5.66
1.5.16.1 Vi vs Sevika.mp4,1.5.16.1,Vi,1.5.67
"1.6 Zaun gets Introduced, broody atmohsphere.mp4",1.6,Zaun,1.6.1
"1.6.1.1 Viktor flashback, mechanical boat.mp4",1.6.1.1,Viktor,1.6.2
1.6.1.2 Viktor meets Singed.mp4,1.6.1.2,Viktor,1.6.3
1.6.1.3 Viktor talks with Heimerdinger.mp4,1.6.1.3,Viktor,1.6.4
1.6.2.1 Jayce vents to Mel.mp4,1.6.2.1,Jayce,1.6.5
1.6.3.1 Mel paints.mp4,1.6.3.1,Mel,1.6.6
1.6.3.1 Viktor depressed staring at Hexcore.mp4,1.6.3.1,Viktor,1.6.7
1.6.3.2 Viktor syncs with Hexcore.mp4,1.6.3.2,Viktor,1.6.8
1.6.4.1 Firelight stalks Vi.mp4,1.6.4.1,Firelights,1.6.9
1.6.4.1 Jinx chills at the bar.mp4,1.6.4.1,Jinx,1.6.10
1.6.4.1 Chuck at the bar harrased by Jinx.mp4,1.6.4.1,Zaun,1.6.11
1.6.5.1 Sevika knocked out by Jinx.mp4,1.6.5.1,Sevika,1.6.12
1.6.5.1 Vi injured.mp4,1.6.5.1,Vi,1.6.13
1.6.5.2 Vi jumps down pit.mp4,1.6.5.2,Vi,1.6.14
1.6.6.1 Jinx interrogates Sevika.mp4,1.6.6.1,Jinx,1.6.15
1.6.6.1 Silco threatens Marcus.mp4,1.6.6.1,Silco,1.6.16
1.6.8.1 Hexcore makes life.mp4,1.6.8.1,Piltover,1.6.17
1.6.8.1 Viktor and Hexcore tuning life fails.mp4,1.6.8.1,Viktor,1.6.18
1.6.9.1 Caitlyn carries injured Vi.mp4,1.6.9.1,Caitlyn,1.6.19
1.6.10.1 Caitlyn uses her gun.mp4,1.6.10.1,Caitlyn,1.6.20
1.6.10.2 Caitlyn treats Vi.mp4,1.6.10.2,Caitlyn,1.6.21
1.6.10.3 Caitlyn buys Shimmer.mp4,1.6.10.3,Caitlyn,1.6.22
1.6.10.4 Caitlyn hugs Huck.mp4,1.6.10.4,Caitlyn,1.6.23
"1.6.10.1 Heimerdinger wants Hexcore gone, trauma.mp4",1.6.10.1,Heimerdinger,1.6.24
1.6.11.1 Heimerdinger lectures the Council.mp4,1.6.11.1,Heimerdinger,1.6.25
1.6.11.2 Heimerdinger removed from Council.mp4,1.6.11.2,Heimerdinger,1.6.26
1.6.11.1 Jayce gets grenade from Marcus.mp4,1.6.11.1,Jayce,1.6.27
1.6.11.2 Jayce angry at Heimerdinger.mp4,1.6.11.2,Jayce,1.6.28
1.6.11.3 Jayce impeaches Heimerdinger.mp4,1.6.11.3,Jayce,1.6.29
1.6.13.1 Caitlyn gets touchy with Vi.mp4,1.6.13.1,Caitlyn,1.6.30
"1.6.13.1 Jinx uses flare, catharsis.mp4",1.6.13.1,Jinx,1.6.31
1.6.13.1 Vi takes shimmer.mp4,1.6.13.1,Vi,1.6.32
1.6.14.1 Enforcers blockade bridge.mp4,1.6.14.1,Enforcers,1.6.33
1.6.14.1 Silco the druglord of shimmer.mp4,1.6.14.1,Silco,1.6.34
1.6.14.2 Silco rages at his men and failure.mp4,1.6.14.2,Silco,1.6.35
1.6.14.1 Vi vs Silco.mp4,1.6.14.1,Vi,1.6.36
1.6.14.2 Vi and Caitlyn run from Silco.mp4,1.6.14.2,Vi,1.6.37
1.6.14.1 Viktor leaves Singed.mp4,1.6.14.1,Viktor,1.6.38
1.6.14.2 Viktor remeets Singed.mp4,1.6.14.2,Viktor,1.6.39
1.6.15.1 Jinx throws away flare.mp4,1.6.15.1,Jinx,1.6.40
1.6.15.2 Jinx huged by Vi.mp4,1.6.15.2,Jinx,1.6.41
1.6.15.3 Jinx paranoid of Caitlyn and Vi.mp4,1.6.15.3,Jinx,1.6.42
1.6.15.4 Jinx and Vi vs Firelights.mp4,1.6.15.4,Jinx,1.6.43
"1.6.15.5 Jinx sees Vi kidnapped, screams.mp4",1.6.15.5,Jinx,1.6.44
1.6.15.1 Silco sees tied up Sevika.mp4,1.6.15.1,Silco,1.6.45
1.7..10.1 Hexgate at sunset.mp4,1.7..10.1,Piltover,1.7.1
1.7.1.1 Firelights intro.mp4,1.7.1.1,Firelights,1.7.2
1.7.1.1 Mel seduces Jayce again.mp4,1.7.1.1,Mel,1.7.3
"1.7.2.1 Ekko introduction, reveal and argues with Vi.mp4",1.7.2.1,Ekko,1.7.4
1.7.3.1 Singed gives shimmer to Viktor.mp4,1.7.3.1,Singed,1.7.5
1.7.3.1 Viktor gets shimmer from Singed.mp4,1.7.3.1,Viktor,1.7.6
1.7.4.1 Jayce does blacksmithing.mp4,1.7.4.1,Jayce,1.7.7
1.7.5.1 Jinx psychotic episode.mp4,1.7.5.1,Jinx,1.7.8
1.7.5.2 Jinx scary crazy.mp4,1.7.5.2,Jinx,1.7.9
1.7.5.1 Silco and Sevika talk.mp4,1.7.5.1,Silco,1.7.10
1.7.7.1 Ekko shows Vi firelights.mp4,1.7.7.1,Ekko,1.7.11
1.7.8.1 Enforcers deal with bridge rioters.mp4,1.7.8.1,Enforcers,1.7.12
1.7.8.1 Silco intimidates Chembarons.mp4,1.7.8.1,Silco,1.7.13
1.7.8.1 Viktor gets mad at Jayce.mp4,1.7.8.1,Viktor,1.7.14
1.7.8.1 Chembarons mad at Silco.mp4,1.7.8.1,Zaun,1.7.15
1.7.10.1 Mel worried.mp4,1.7.10.1,Mel,1.7.16
1.7.11.1 Caitlyn freed by Ekko and Vi.mp4,1.7.11.1,Caitlyn,1.7.17
1.7.12.1 Jinx angry at Silco.mp4,1.7.12.1,Jinx,1.7.18
"1.7.12.1 Silco convinces Jinx to trust, takes medicine.mp4",1.7.12.1,Silco,1.7.19
1.7.13.1 Caitlyn sees firelights.mp4,1.7.13.1,Caitlyn,1.7.20
"1.7.13.2 Caitlyn convinces Ekko, talks about peace and compassion.mp4",1.7.13.2,Caitlyn,1.7.21
1.7.14.1 Mel convinces Jayce to build weapons.mp4,1.7.14.1,Mel,1.7.22
"1.7.14.1 Viktor defuses bomb, talks about peace.mp4",1.7.14.1,Viktor,1.7.23
1.7.15.1 Ekko Vi Caitlyn go to Piltover.mp4,1.7.15.1,Ekko,1.7.24
1.7.15.1 Heimerdinger goes to Zaun.mp4,1.7.15.1,Heimerdinger,1.7.25
"1.7.15.1 Jayce sad, hugs mom.mp4",1.7.15.1,Jayce,1.7.26
1.7.16.1 Viktor takes Shimmer.mp4,1.7.16.1,Viktor,1.7.27
1.7.16.2 Viktor gives blood to Hexcore.mp4,1.7.16.2,Viktor,1.7.28
1.7.16.3 Viktor's blood fused with Shimmer and Hextech.mp4,1.7.16.3,Viktor,1.7.29
"1.7.17.1 Caitlyn helped by Vi, shot by Jinx.mp4",1.7.17.1,Caitlyn,1.7.30
1.7.17.1 Ekko steals Hexgem from Jinx.mp4,1.7.17.1,Ekko,1.7.31
1.7.17.2 Ekko stopwatch time vs Jinx.mp4,1.7.17.2,Ekko,1.7.32
1.7.17.3 Ekko vs Jinx in the past.mp4,1.7.17.3,Ekko,1.7.33
1.7.17.4 Ekko beats Jinx.mp4,1.7.17.4,Ekko,1.7.34
1.7.17.1 Enforcers stop Ekko Caitlyn.mp4,1.7.17.1,Enforcers,1.7.35
1.7.17.1 Jinx paranoid about Vi Caitlyn.mp4,1.7.17.1,Jinx,1.7.36
1.7.17.2 Jinx blows up Enforcers.mp4,1.7.17.2,Jinx,1.7.37
"1.7.17.3 Jinx kills enforcers, shoots at Vi and Caitlyn.mp4",1.7.17.3,Jinx,1.7.38
1.7.17.4 Jinx blows her and Ekko up.mp4,1.7.17.4,Jinx,1.7.39
1.7.17.5 Jinx almost dead.mp4,1.7.17.5,Jinx,1.7.40
1.7.17.1 Vi leaves Ekko Caitlyn for Jinx.mp4,1.7.17.1,Vi,1.7.41
1.7.17.2 Vi hears gunshots and runs back to Caitlyn Ekko.mp4,1.7.17.2,Vi,1.7.42
1.7.17.3 Vi sees Ekko Jinx explosion.mp4,1.7.17.3,Vi,1.7.43
1.7.18.1 Bridge after explosion.mp4,1.7.18.1,Piltover,1.7.44
1.8.1.1 Mel flashback.mp4,1.8.1.1,Mel,1.8.1
1.8.1.2 Mel watches girl die.mp4,1.8.1.2,Mel,1.8.2
1.8.1.3 Mel nightmare.mp4,1.8.1.3,Mel,1.8.3
1.8.2.1 Silco takes an injured Jinx.mp4,1.8.2.1,Silco,1.8.4
1.8.2.1 Vi watches Jinx taken.mp4,1.8.2.1,Vi,1.8.5
1.8.3.1 Enforcers dead.mp4,1.8.3.1,Enforcers,1.8.6
"1.8.3.1 Jayce barfs, thinks Zaun bad.mp4",1.8.3.1,Jayce,1.8.7
1.8.3.1 Mel wants war.mp4,1.8.3.1,Mel,1.8.8
1.8.4.1 Mel meets her Mom.mp4,1.8.4.1,Mel,1.8.9
1.8.4.2 Mel argues with her mom.mp4,1.8.4.2,Mel,1.8.10
1.8.4.1 Vi takes Cait home.mp4,1.8.4.1,Vi,1.8.11
1.8.4.2 Caitlyn talks to her mom.mp4,1.8.4.2,Vi,1.8.12
1.8.5.1 Caitlyn and Vi talk in bed.mp4,1.8.5.1,Caitlyn,1.8.13
1.8.5.2 Silco takes injured Jinx to Singed.mp4,1.8.5.2,Silco,1.8.14
1.8.5.1 Singed in lab.mp4,1.8.5.1,Singed,1.8.15
1.8.6.1 Sevika shows off new sword.mp4,1.8.6.1,Sevika,1.8.16
1.8.7.1 Ambessa introduction.mp4,1.8.7.1,Ambessa,1.8.17
1.8.8.1 Jinx takes Shimmer for surgery.mp4,1.8.8.1,Jinx,1.8.18
"1.8.8.1 Silco wakes up, threatens Singed.mp4",1.8.8.1,Silco,1.8.19
1.8.9.1 Heimerdinger sees Zaun.mp4,1.8.9.1,Heimerdinger,1.8.20
1.8.9.2 Heimerdinger entertains little girl.mp4,1.8.9.2,Heimerdinger,1.8.21
1.8.9.2 Heimerdinger sad.mp4,1.8.9.2,Heimerdinger,1.8.22
1.8.9.3 Heimerdinger meets Ekko.mp4,1.8.9.3,Heimerdinger,1.8.23
1.8.10.1 Ambessa pressures Jayce.mp4,1.8.10.1,Ambessa,1.8.24
1.8.11.1 Council talk about dangerous Zaun.mp4,1.8.11.1,Piltover,1.8.25
1.8.12.1 Caitlyn presents to Council.mp4,1.8.12.1,Caitlyn,1.8.26
1.8.12.1 Vi pleads to Council.mp4,1.8.12.1,Vi,1.8.27
1.8.13.1 Vi breaks up with Caitlyn.mp4,1.8.13.1,Vi,1.8.28
1.8.13.1 Viktor runs for first time.mp4,1.8.13.1,Viktor,1.8.29
1.8.13.2 Viktor does experiment without Shimmer.mp4,1.8.13.2,Viktor,1.8.30
1.8.13.3 Viktor gets Skye killed.mp4,1.8.13.3,Viktor,1.8.31
1.8.13.4 Viktor realizes he killed skye.mp4,1.8.13.4,Viktor,1.8.32
1.8.14.1 Jayce builds Hextech weapon.mp4,1.8.14.1,Jayce,1.8.33
1.8.14.2 Jayce meets Vi.mp4,1.8.14.2,Jayce,1.8.34
1.8.14.1 Vi gets Hex gloves.mp4,1.8.14.1,Vi,1.8.35
1.8.14.2 Vi makes a deal with Jayce.mp4,1.8.14.2,Vi,1.8.36
1.8.17.1 Enforcers raid Shimmer factory.mp4,1.8.17.1,Enforcers,1.8.37
1.8.17.2 Enforcers killed by Chemtanks.mp4,1.8.17.2,Enforcers,1.8.38
1.8.17.1 Jayce uses hammer to fight and kills kid.mp4,1.8.17.1,Jayce,1.8.39
1.8.17.2 Jayce kills a Zaunite child and realizes his mistakes.mp4,1.8.17.2,Jayce,1.8.40
1.8.17.1 Vi and Jayce vs Chemtanks.mp4,1.8.17.1,Vi,1.8.41
1.8.17.2 Vi uses her Hex gloves to fight Chemtanks.mp4,1.8.17.2,Vi,1.8.42
1.8.17.1 Shimmer factory.mp4,1.8.17.1,Zaun,1.8.43
1.8.17.2 Chemtanks introduction.mp4,1.8.17.2,Zaun,1.8.44
1.8.18.1 Caitlyn takes a shower.mp4,1.8.18.1,Caitlyn,1.8.45
1.8.18.2 Caitlyn kidnapped by Jinx.mp4,1.8.18.2,Caitlyn,1.8.46
1.9.1.1 Jayce sad over killing a child.mp4,1.9.1.1,Jayce,1.9.1
1.9.1.2 Jayce vs Vi.mp4,1.9.1.2,Jayce,1.9.2
1.9.1 Marcus gets kicked out of Benzo's Shop.mp4,1.9.1,Marcus,1.9.3
1.9.1.2 Vi takes down Shimmer.mp4,1.9.1.2,Vi,1.9.4
1.9.2.1 Silco loses control.mp4,1.9.2.1,Silco,1.9.5
1.9.3.1 Viktor cries over assistant's death.mp4,1.9.3.1,Viktor,1.9.6
1.9.3.2 Viktor tries to destroy Hexcore.mp4,1.9.3.2,Viktor,1.9.7
1.9.4.1 Mel argues with Ambessa again.mp4,1.9.4.1,Mel,1.9.8
1.9.5.1 Viktor and Jayce talk about regrets.mp4,1.9.5.1,Viktor,1.9.9
1.9.6.1 Jayce negociates peace with Silco.mp4,1.9.6.1,Jayce,1.9.10
1.9.6.1 Sevika stays loyal to Silco and kills Chembaron.mp4,1.9.6.1,Sevika,1.9.11
"1.9.7.1 Heimerdinger sees Firelights, learns to live in the present.mp4",1.9.7.1,Heimerdinger,1.9.12
1.9.7.1 Jinx overheards Silco's betrayal.mp4,1.9.7.1,Jinx,1.9.13
1.9.8.1 Silco talks about daughters to Vander statue.mp4,1.9.8.1,Silco,1.9.14
1.9.9.1 Sevika encounters Vi again.mp4,1.9.9.1,Sevika,1.9.15
1.9.9.1 Vi fights Sevika again but loses.mp4,1.9.9.1,Vi,1.9.16
1.9.9.2 Vi gets Vander flashback and gets back up to fight.mp4,1.9.9.2,Vi,1.9.17
1.9.9.3 Vi and Sevika clash again.mp4,1.9.9.3,Vi,1.9.18
1.9.9.4 Vi uses Hextech shield.mp4,1.9.9.4,Vi,1.9.19
1.9.9.5 Vi defeats Sevika again.mp4,1.9.9.5,Vi,1.9.20
1.9.9.6 Vi knocked out by Jinx.mp4,1.9.9.6,Vi,1.9.21
1.9.11.1 Jayce proposes Zaun independence.mp4,1.9.11.1,Jayce,1.9.22
1.9.11.1 Council room under blood moon.mp4,1.9.11.1,Piltover,1.9.23
1.9.11.2 Council angry.mp4,1.9.11.2,Piltover,1.9.24
1.9.12.1 Jinx and Vi get close.mp4,1.9.12.1,Jinx,1.9.25
1.9.12.2 Jinx adds Silco to tea party.mp4,1.9.12.2,Jinx,1.9.26
1.9.12.3 Jinx pretends to kill Caitlyn.mp4,1.9.12.3,Jinx,1.9.27
1.9.12.4 Jinx adds Caitlyn to tea party.mp4,1.9.12.4,Jinx,1.9.28
1.9.12.5 Jinx hears Silco trying to brainwash her.mp4,1.9.12.5,Jinx,1.9.29
"1.9.12.6 Jinx held at gunpoint by Caitlyn, subdues her.mp4",1.9.12.6,Jinx,1.9.30
1.9.12.7 Jinx has a breakdown.mp4,1.9.12.7,Jinx,1.9.31
1.9.12.8 Jinx shoots Silco.mp4,1.9.12.8,Jinx,1.9.32
1.9.12.9 Jinx watches Silco die.mp4,1.9.12.9,Jinx,1.9.33
1.9.12.10 Jinx feels empty.mp4,1.9.12.10,Jinx,1.9.34
1.9.12.11 Jinx accepts who she is.mp4,1.9.12.11,Jinx,1.9.35
1.9.12.12 Jinx shoots rocket at Council.mp4,1.9.12.12,Jinx,1.9.36
"1.9.12.1 Council vote for peace, get attacked.mp4",1.9.12.1,Piltover,1.9.37
1.9.12.1 Vi captured and pleads to Jinx.mp4,1.9.12.1,Vi,1.9.38
1.9.13.1 Ambessa looks at Mel painting.mp4,1.9.13.1,Ambessa,1.9.39
1.9.13.1 Ekko works with Heimerdinger.mp4,1.9.13.1,Ekko,1.9.40
1.9.13.1 Sevika waits at the empty throne.mp4,1.9.13.1,Sevika,1.9.41
1.9.13.1 Singed looks at daughter picture and Warwick.mp4,1.9.13.1,Singed,1.9.42
1.11.1 Singed and Silco watch rat take shimmer.mp4,1.11.1,Singed,1.11.1
1.12.1 Powder uses monkey toy in bar.mp4,1.12.1,Other media,1.12.1
1.12.2 Powder and Ekko riding car invention.mp4,1.12.2,Other media,1.12.2
1.12.3 Powder witnesses assault.mp4,1.12.3,Other media,1.12.3
1.12.4 Powder runs from Enforcers.mp4,1.12.4,Other media,1.12.4
1.12.5 Powder hugs and cries with Vi.mp4,1.12.5,Other media,1.12.5
1.12.6 Vi gang goofing around.mp4,1.12.6,Other media,1.12.6
1.12.7 Powder and Ekko jumping on bed.mp4,1.12.7,Other media,1.12.7
1.12.8 Powder spits out bug.mp4,1.12.8,Other media,1.12.8
1.12.9 Powder and Ekko learn boxing from Vi.mp4,1.12.9,Other media,1.12.9
1.12.10 Powder shoots enforcers.mp4,1.12.10,Other media,1.12.10
1.12.11 Powder and Vi look at bridge.mp4,1.12.11,Other media,1.12.11
1.12.12 Powder and Vi fight.mp4,1.12.12,Other media,1.12.12
1.12.13 Ekko and Powder posing.mp4,1.12.13,Other media,1.12.13
1.12.14 Powder and Jinx riding rocket.mp4,1.12.14,Other media,1.12.14
1.12.15 Jinx.mp4,1.12.15,Other media,1.12.15
1.12.16 Powder mental breakdown.mp4,1.12.16,Other media,1.12.16
1.12.17 Powder thinks everyone is an enemy.mp4,1.12.17,Other media,1.12.17
1.12.18 Powder becoming Jinx.mp4,1.12.18,Other media,1.12.18
1.12.19 Powder grows into Jinx.mp4,1.12.19,Other media,1.12.19
1.12.20 Jinx ominous.mp4,1.12.20,Other media,1.12.20
1.12.21 Powder kills everyone.mp4,1.12.21,Other media,1.12.21
1.13.1 Vi and Powder.mp4,1.13.1,Other media,1.13.1
1.13.2 Heimerdinger builds inventions.mp4,1.13.2,Heimerdinger,1.13.2
1.13.2 Jayce Hexgem.mp4,1.13.2,Other media,1.13.3
1.13.3 Viktor book.mp4,1.13.3,Other media,1.13.4
1.13.4 Caitlyn enforcer.mp4,1.13.4,Other media,1.13.5
1.13.4.1Heimerdinger.mp4,1.13.4.1Heimerdinger.mp4,Other media,1.13.6
1.13.5 Mel.mp4,1.13.5,Other media,1.13.7
1.13.6 Vander.mp4,1.13.6,Other media,1.13.8
1.13.7 Ekko.mp4,1.13.7,Other media,1.13.9
1.13.8 Caitlyn shoots.mp4,1.13.8,Other media,1.13.10
1.13.9 Viktor brace.mp4,1.13.9,Other media,1.13.11
1.13.10 Jayce hammer.mp4,1.13.10,Other media,1.13.12
1.13.11 Vi vs Jinx.mp4,1.13.11,Other media,1.13.13
2.1.1 Mel saves Jayce from explosion.mp4,2.1.1,Mel,2.1.1
2.1.2 Council attack aftermath.mp4,2.1.2,Piltover,2.1.2
2.1.4 Jayce revives Viktor with hexcore.mp4,2.1.4,Jayce,2.1.3
2.1.5 Caitlyn at funeral.mp4,2.1.5,Caitlyn,2.1.4
2.1.6 Councilor funeral.mp4,2.1.6,Piltover,2.1.5
2.1.7 Vi attends funeral.mp4,2.1.7,Vi,2.1.6
"2.1.8 Caitlyn sad, at council.mp4",2.1.8,Caitlyn,2.1.7
2.1.9 Council decide aftermath.mp4,2.1.9,Piltover,2.1.8
"2.1.10 Council settle for peace, Mel stops Ambessa manipulation.mp4",2.1.10,Piltover,2.1.9
2.1.11 Caitlyn reads memorial letters.mp4,2.1.11,Caitlyn,2.1.10
2.1.12 Caitlyn receives Kiramann key.mp4,2.1.12,Caitlyn,2.1.11
"2.1.13 Vi visits Caitlyn's home, racism.mp4",2.1.13,Vi,2.1.12
2.1.14 Caitlyn cries in Vi's arms.mp4,2.1.14,Caitlyn,2.1.13
"2.1.15 Vi gets invited to enforcers, leaves Caitlyn.mp4",2.1.15,Vi,2.1.14
2.1.16 Vi sad in the rain.mp4,2.1.16,Vi,2.1.15
2.1.17 Loris introduction.mp4,2.1.17,Loris,2.1.16
2.1.18 Mel goes to Jayce and sees Victor.mp4,2.1.18,Mel,2.1.17
2.1.19 Mel talks to Jayce about aftermath.mp4,2.1.19,Mel,2.1.18
2.1.20 Caitlyn mourns in garden.mp4,2.1.20,Caitlyn,2.1.19
2.1.21 Caitlyn imagines shooting Jinx.mp4,2.1.21,Caitlyn,2.1.20
2.1.22 Caitlyn talks to Jayce about mother.mp4,2.1.22,Caitlyn,2.1.21
"2.1.23 Caitlyn talks to Jayce about Jinx, angry.mp4",2.1.23,Caitlyn,2.1.22
2.1.24 Vi gets drunk with Loris.mp4,2.1.24,Vi,2.1.23
2.1.25 Vi joins enforcers.mp4,2.1.25,Vi,2.1.24
2.1.26 Vi goes to memorial with Loris.mp4,2.1.26,Vi,2.1.25
2.1.27 Councilor memorial speech.mp4,2.1.27,Piltover,2.1.26
2.1.28 Mel starts memorial ceremony.mp4,2.1.28,Piltover,2.1.27
2.1.29 Renni attacks ceremony.mp4,2.1.29,Piltover,2.1.28
2.1.30 Jayce vs Renni.mp4,2.1.30,Jayce,2.1.29
2.1.31 Chemtanks attack Piltover.mp4,2.1.31,Piltover,2.1.30
2.1.32 Vi saves Caitlyn and Jayce from Chemtanks.mp4,2.1.32,Vi,2.1.31
2.1.33 Noxians defeat chemtanks.mp4,2.1.33,Piltover,2.1.32
2.1.34 Memorial attack aftermath.mp4,2.1.34,Piltover,2.1.33
2.1.35 Caitlyn rages at Zaun to Vi.mp4,2.1.35,Caitlyn,2.1.34
"2.1.36 Caitlyn uses key, learns about kiramanns.mp4",2.1.36,Caitlyn,2.1.35
2.1.37 Jayce makes hextech weapons.mp4,2.1.37,Jayce,2.1.36
2.1.38 Council discuss attacking Zaun.mp4,2.1.38,Piltover,2.1.37
2.1.39 Caitlyn forms strike force.mp4,2.1.39,Caitlyn,2.1.38
2.1.40 Viktor is alive in hexcore.mp4,2.1.40,Viktor,2.1.39
2.1.41 Singed attacks wolves.mp4,2.1.41,Singed,2.1.40
2.2.1 Jinx releases Silco's body.mp4,2.2.1,Jinx,2.2.1
2.2.2 Jinx screams.mp4,2.2.2,Jinx,2.2.2
2.2.3 Zaun power vacuum.mp4,2.2.3,Zaun,2.2.3
2.2.4 Zaun infighting.mp4,2.2.4,Zaun,2.2.4
2.2.5 Jinx walks through dangerous Zaun.mp4,2.2.5,Jinx,2.2.5
2.2.6 Isha introduction.mp4,2.2.6,Isha,2.2.6
2.2.7 Isha meets Jinx.mp4,2.2.7,Isha,2.2.7
2.2.8 Smeech introduced.mp4,2.2.8,Zaun,2.2.8
2.2.9 Zaun gangs vs the Grey.mp4,2.2.9,Zaun,2.2.9
2.2.10 Sevika deals with Chembarons.mp4,2.2.10,Sevika,2.2.10
2.2.11 Sevika angry at Silco dying.mp4,2.2.11,Sevika,2.2.11
2.2.12 Sevika reconciles with Jinx.mp4,2.2.12,Sevika,2.2.12
2.2.13 Jinx is followed.mp4,2.2.13,Zaun,2.2.13
"2.2.14 Viktor wakes up, changed.mp4",2.2.14,Viktor,2.2.14
2.2.15 Ekko firelight aftermath.mp4,2.2.15,Ekko,2.2.15
2.2.16 Ekko and Heimerdinger discuss Arcane corruption.mp4,2.2.16,Ekko,2.2.16
2.2.17 Heimerdinger and Ekko sneak.mp4,2.2.17,Heimerdinger,2.2.17
2.2.18 Ekko and Heimerdinger meet Jayce.mp4,2.2.18,Ekko,2.2.18
2.2.19 Viktor walks through Zaun.mp4,2.2.19,Viktor,2.2.19
2.2.20 Jinx builds new arm.mp4,2.2.20,Jinx,2.2.20
2.2.21 Jinx escapes Enforcers.mp4,2.2.21,Jinx,2.2.21
2.2.22 Enforcers hunt Jinx.mp4,2.2.22,Enforcers,2.2.22
2.2.23 Jinx jumped by Smeech.mp4,2.2.23,Jinx,2.2.23
2.2.24 Jinx saved by Sevika.mp4,2.2.24,Jinx,2.2.24
2.2.25 Sevika Jinx vs Smeech.mp4,2.2.25,Sevika,2.2.25
2.2.26 Isha saves Jinx.mp4,2.2.26,Isha,2.2.26
2.2.28 Sevika thanks Jinx.mp4,2.2.28,Sevika,2.2.27
2.2.29 Singed dissects wolves.mp4,2.2.29,Singed,2.2.28
2.2.29 Viktor cures addicts.mp4,2.2.29,Viktor,2.2.29
2.3.1 Caitlyn learns about the Grey.mp4,2.3.1,Caitlyn,2.3.1
2.3.2 Enforcers suit up.mp4,2.3.2,Enforcers,2.3.2
2.3.3 Enforcers smoke raid Zaun.mp4,2.3.3,Enforcers,2.3.3
2.3.4 Enforcers surprised.mp4,2.3.4,Enforcers,2.3.4
2.3.5 Enforcers interrogate Zaunite.mp4,2.3.5,Enforcers,2.3.5
2.3.6 Ambessa vs black rose.mp4,2.3.6,Ambessa,2.3.6
2.3.7 Caitlyn kisses Vi.mp4,2.3.7,Caitlyn,2.3.7
2.3.7 Enforcers split up.mp4,2.3.7,Enforcers,2.3.8
2.3.7 Vi and Cait hunt jinx.mp4,2.3.7,Enforcers,2.3.9
2.3.8 Ambessa talks to Salo.mp4,2.3.8,Ambessa,2.3.10
2.3.8 Mel talks to Lest about Ambessa.mp4,2.3.8,Mel,2.3.11
2.3.9 Vi and Cait in pipes.mp4,2.3.9,Enforcers,2.3.12
2.3.10 Jayce explains wild rune.mp4,2.3.10,Jayce,2.3.13
2.3.11 Mel talks to Elora about Ambessa.mp4,2.3.11,Mel,2.3.14
2.3.12 Jayce Ekko Heim trapped in Arcane.mp4,2.3.12,Jayce,2.3.15
2.3.14 Enforcers attack Jinx.mp4,2.3.14,Enforcers,2.3.16
2.3.15 Caitlyn vs Sevika.mp4,2.3.15,Caitlyn,2.3.17
2.3.16 Vi vs Jinx.mp4,2.3.16,Vi,2.3.18
2.3.17 Enforcers finish Jinx.mp4,2.3.17,Enforcers,2.3.19
2.3.18 Zaun smoke attack.mp4,2.3.18,Zaun,2.3.20
2.3.19 Piltover gets vandalized.mp4,2.3.19,Piltover,2.3.21
2.3.20 Caitlyn breaks up with Vi.mp4,2.3.20,Caitlyn,2.3.22
2.3.21 Mel gets kidnapped by black rose.mp4,2.3.21,Mel,2.3.23
2.3.22 Piltover paint aftermath.mp4,2.3.22,Piltover,2.3.24
2.3.23 Ambessa convinces Piltover to war.mp4,2.3.23,Ambessa,2.3.25
2.3.24 Ambessa makes Caitlyn commander.mp4,2.3.24,Ambessa,2.3.26
2.3.25 Ambessa hires Renni.mp4,2.3.25,Ambessa,2.3.27
2.3.25 Singed makes Warwick.mp4,2.3.25,Singed,2.3.28
2.3.26 Loris leaves enforcers.mp4,2.3.26,Loris,2.3.29
2.3.26 Maggie thumps for Caitlyn.mp4,2.3.26,Maddie,2.3.30
2.4.0 Martial law and rebels.mp4,2.4.0,Piltover,2.4.1
2.4.1 Isha admires Jinx.mp4,2.4.1,Isha,2.4.2
2.4.2 Caitlyn and Maddie.mp4,2.4.2,Caitlyn,2.4.3
2.4.3 Isha bug fight.mp4,2.4.3,Isha,2.4.4
2.4.4 Isha and Jinx play.mp4,2.4.4,Isha,2.4.5
2.4.5 Isha wants to dye hair.mp4,2.4.5,Isha,2.4.6
2.4.6 Jinx dyes Isha's hair.mp4,2.4.6,Jinx,2.4.7
2.4.7 Isha plays with grenade.mp4,2.4.7,Isha,2.4.8
2.4.8 Isha wants gun.mp4,2.4.8,Isha,2.4.9
2.4.9 Ambessa wants scientists.mp4,2.4.9,Ambessa,2.4.10
2.4.10 Isha attacks prison.mp4,2.4.10,Isha,2.4.11
2.4.11 Zaun prison.mp4,2.4.11,Zaun,2.4.12
2.4.12 Caitlyn and Ambessa.mp4,2.4.12,Caitlyn,2.4.13
2.4.13 Salo learns about Viktor.mp4,2.4.13,Piltover,2.4.14
2.4.14 Sevika asks Jinx to rally.mp4,2.4.14,Sevika,2.4.15
2.4.15 Jinx talks to dead Silco.mp4,2.4.15,Jinx,2.4.16
2.4.16 Caitlyn visits mom statue.mp4,2.4.16,Caitlyn,2.4.17
2.4.17 Riktus interrogates.mp4,2.4.17,Piltover,2.4.18
2.4.18 Firelights mourn Ekko_1.mp4,2.4.18,Firelights,2.4.19
2.4.19 Sevika visits Vander.mp4,2.4.19,Sevika,2.4.20
2.4.20 Zaun rally.mp4,2.4.20,Zaun,2.4.21
2.4.21 Isha rallies Zaun.mp4,2.4.21,Isha,2.4.22
2.4.22 Piltover arrests Zaun rally.mp4,2.4.22,Enforcers,2.4.23
2.4.22 Isha vs Riktus.mp4,2.4.22,Isha,2.4.24
2.4.23 Singed awakens Warwick.mp4,2.4.23,Singed,2.4.25
2.4.24 Jinx looks for Isha.mp4,2.4.24,Jinx,2.4.26
"2.4.25 Jinx breakdown, learns Isha arrested.mp4",2.4.25,Jinx,2.4.27
2.4.26 Zaunites shipped to prison.mp4,2.4.26,Zaun,2.4.28
2.4.27 Warwick pursues trail_1.mp4,2.4.27,Warwick,2.4.29
2.4.28 Jinx attacks enforcer.mp4,2.4.28,Jinx,2.4.30
2.4.29 Jinx flips enforcer off.mp4,2.4.29,Jinx,2.4.31
2.4.30 Jinx arrests Sevika.mp4,2.4.30,Jinx,2.4.32
2.4.31 Jinx breaks into prison.mp4,2.4.31,Jinx,2.4.33
2.4.31.0 Jinx breaks into prison.mp4,2.4.31.0,Jinx,2.4.34
2.4.32 Enforcers in prison.mp4,2.4.32,Enforcers,2.4.35
2.4.33 Jinx frees prisoners.mp4,2.4.33,Jinx,2.4.36
2.4.34 Ambessa vs Warwick.mp4,2.4.34,Ambessa,2.4.37
2.4.35 Jinx saves Zaunites.mp4,2.4.35,Jinx,2.4.38
2.4.36 Jinx saves Isha in prison.mp4,2.4.36,Jinx,2.4.39
"2.4.38.1 Isha wants to help Jinx, Sevika takes her away.mp4",2.4.38.1,Isha,2.4.40
2.4.38 Jinx vs Warwick.mp4,2.4.38,Jinx,2.4.41
2.4.38.2 Jinx fights Warwick in prison.mp4,2.4.38.2,Jinx,2.4.42
2.4.38.3 Jinx loses against Warwick.mp4,2.4.38.3,Jinx,2.4.43
2.4.38.4 Warwick comes to senses with Jinx_1.mp4,2.4.38.4,Warwick,2.4.44
2.5.1 Emo Vi introduction.mp4,2.5.1,Vi,2.5.1
2.5.2 Emo Vi muscles badass.mp4,2.5.2,Vi,2.5.2
2.5.3 Vi drinks at club bar.mp4,2.5.3,Vi,2.5.3
2.5.4 Vi winning in fight club.mp4,2.5.4,Vi,2.5.4
2.5.5 Vi applies grease.mp4,2.5.5,Vi,2.5.5
2.5.6 Vi bleeding punches mirror.mp4,2.5.6,Vi,2.5.6
2.5.7 Vi drowns herself.mp4,2.5.7,Vi,2.5.7
2.5.8 Vi's small apartment.mp4,2.5.8,Vi,2.5.8
"2.5.9 Vi gets walked home, pushes away friend, trudges home alone.mp4",2.5.9,Vi,2.5.9
"2.5.10 Vi sees war banner, Caitlyn.mp4",2.5.10,Vi,2.5.10
2.5.11 Vi loses and knocked out in fight club.mp4,2.5.11,Vi,2.5.11
"2.5.12 Vi dancing in club, sees Caitlyn, punches weirdo.mp4",2.5.12,Vi,2.5.12
"2.5.13 Vi drinks alone, watched by Jinx.mp4",2.5.13,Vi,2.5.13
2.5.14 Zaun fight ring.mp4,2.5.14,Zaun,2.5.14
"2.5.15 Vi wins, Crowd surprised.mp4",2.5.15,Zaun,2.5.15
2.5.16 Everyone cheers for Vi fighting.mp4,2.5.16,Zaun,2.5.16
2.5.17 Jinx bets on Vi.mp4,2.5.17,Jinx,2.5.17
2.5.18 Jinx watches emo vi.mp4,2.5.18,Jinx,2.5.18
2.5.19 Vi reuinites with Jinx.mp4,2.5.19,Vi,2.5.19
2.5.20 Stillwater aftermath.mp4,2.5.20,Piltover,2.5.20
2.5.21 Caitlyn meets Singed.mp4,2.5.21,Caitlyn,2.5.21
2.5.22 Singed interrogation.mp4,2.5.22,Singed,2.5.22
2.5.23 Mel wakes up in dungeon.mp4,2.5.23,Mel,2.5.23
2.5.24 Mel watches Elora die.mp4,2.5.24,Mel,2.5.24
2.5.25 Mel meets man in dungeon.mp4,2.5.25,Mel,2.5.25
2.5.26 Mel meets Kino.mp4,2.5.26,Mel,2.5.26
2.5.27 Vi joins Jinx and Isha.mp4,2.5.27,Vi,2.5.27
2.5.28 Jinx Vi Isha look for Warwick.mp4,2.5.28,Jinx,2.5.28
2.5.29 Vi Jinx squabble.mp4,2.5.29,Vi,2.5.29
2.5.30 Jinx reconciles with Vi.mp4,2.5.30,Jinx,2.5.30
2.5.31 Ambessa makes deal with Singed.mp4,2.5.31,Ambessa,2.5.31
2.5.32 Warwick memories_1.mp4,2.5.32,Warwick,2.5.32
2.5.33 Mel solves puzzle with Kino.mp4,2.5.33,Mel,2.5.33
2.5.34 Singed cooks meth.mp4,2.5.34,Singed,2.5.34
2.5.35 Caitlyn investigates Singed.mp4,2.5.35,Caitlyn,2.5.35
2.5.36 Singed and his daughter.mp4,2.5.36,Singed,2.5.36
2.5.37 Mel realizes she's captured.mp4,2.5.37,Mel,2.5.37
2.5.38 Mel uses magic.mp4,2.5.38,Mel,2.5.38
2.5.39 Warwick hunts Jinx Vi Isha_1.mp4,2.5.39,Warwick,2.5.39
2.5.40 Vi and Jinx learn about fathers past.mp4,2.5.40,Vi,2.5.40
2.5.41 Vi vs Warwick.mp4,2.5.41,Vi,2.5.41
2.5.42 Vander Silco Vi mom backstory.mp4,2.5.42,Vander,2.5.42
2.5.43 Jinx Vi Warwick Isha hug.mp4,2.5.43,Jinx,2.5.43
"2.5.44 Jayce released from arcane, kills Salo.mp4",2.5.44,Jayce,2.5.44
2.6.1 Viktor looks inside Jayce.mp4,2.6.1,Viktor,2.6.1
2.6.2 Noxus fleet.mp4,2.6.2,Piltover,2.6.2
2.6.3 Caitlyn trains with Ambessa.mp4,2.6.3,Caitlyn,2.6.3
2.6.4 Jinx gang go see Viktor.mp4,2.6.4,Jinx,2.6.4
2.6.5 Zaun Commune.mp4,2.6.5,Zaun,2.6.5
2.6.6 Viktor tries to heal Warwick.mp4,2.6.6,Viktor,2.6.6
2.6.7 Viktor talks to Vi Jinx.mp4,2.6.7,Viktor,2.6.7
2.6.8 Viktor healing Warwick.mp4,2.6.8,Viktor,2.6.8
2.6.9 Viktor explores Vander mind.mp4,2.6.9,Viktor,2.6.9
2.6.10 Vander and Vi mom.mp4,2.6.10,Vander,2.6.10
2.6.11 Vi wants Jinx to stay at commune.mp4,2.6.11,Vi,2.6.11
2.6.12 Noxus arrives at commune.mp4,2.6.12,Zaun,2.6.12
2.6.13 Singed remeets with Viktor.mp4,2.6.13,Singed,2.6.13
2.6.14 Vi remeets Caitlyn.mp4,2.6.14,Vi,2.6.14
2.6.15 Noxian prepares to invade Commune.mp4,2.6.15,Zaun,2.6.15
2.6.16 Jinx cherishes Isha.mp4,2.6.16,Jinx,2.6.16
2.6.17 Vi plays Ambessa.mp4,2.6.17,Vi,2.6.17
2.6.17.1 Vi vs Ambessa.mp4,2.6.17.1,Vi,2.6.18
2.6.18 Jayce attacks Commune.mp4,2.6.18,Jayce,2.6.19
2.6.19 Caitlyn betrays Singed.mp4,2.6.19,Caitlyn,2.6.20
2.6.20 Jayce tweaks out.mp4,2.6.20,Jayce,2.6.21
2.6.21 Jayce kills Viktor.mp4,2.6.21,Jayce,2.6.22
2.6.22 Caitlyn Jinx Warwick vs Riktus.mp4,2.6.22,Caitlyn,2.6.23
2.6.23 Jinx Vi Warwick family reunion.mp4,2.6.23,Jinx,2.6.24
2.6.24 Commune implodes.mp4,2.6.24,Zaun,2.6.25
2.6.25 Jayce leaves after ending Commune.mp4,2.6.25,Jayce,2.6.26
2.6.26 Viktor killed by Jayce.mp4,2.6.26,Viktor,2.6.27
2.6.27 Commune war.mp4,2.6.27,Zaun,2.6.28
2.6.28 Jinx watches Isha die.mp4,2.6.28,Jinx,2.6.29
2.6.29 Isha sacrifices herself.mp4,2.6.29,Isha,2.6.30
2.6.30 Jinx and Isha flashback.mp4,2.6.30,Jinx,2.6.31
2.7.1 Ekko alt uni.mp4,2.7.1,Ekko,2.7.1
2.7.2 Ekko transported by anomoly.mp4,2.7.2,Ekko,2.7.2
2.7.3 Ekko confused in AU.mp4,2.7.3,Ekko,2.7.3
2.7.4 Ekko sees Powder.mp4,2.7.4,Ekko,2.7.4
2.7.5 Ekko hugs Benzo.mp4,2.7.5,Ekko,2.7.5
2.7.6 Ekko sees last drop.mp4,2.7.6,Ekko,2.7.6
2.7.7 Ekko talks to Powder.mp4,2.7.7,Ekko,2.7.7
2.7.8 AU Mylo Claggor_1.mp4,2.7.8,AU,2.7.8
2.7.9 Ekko talks to heimerdinger in AU.mp4,2.7.9,Ekko,2.7.9
2.7.10 Jayce sees destroyed Piltover.mp4,2.7.10,Jayce,2.7.10
2.7.11 Ekko and Powder see dead Vi.mp4,2.7.11,Ekko,2.7.11
2.7.12 Ekko sees AU Piltover.mp4,2.7.12,Ekko,2.7.12
2.7.13 Ekko retrives hexcrystals.mp4,2.7.13,Ekko,2.7.13
2.7.14 Jayce wanders through wasteland.mp4,2.7.14,Jayce,2.7.14
2.7.15 AU Vi dies_1.mp4,2.7.15,AU,2.7.15
2.7.16 Ekko in AU Piltover.mp4,2.7.16,Ekko,2.7.16
2.7.17 Jayce tweaks and falls.mp4,2.7.17,Jayce,2.7.17
2.7.18 Ekko talks to Heim about hextech.mp4,2.7.18,Ekko,2.7.18
2.7.19 Jayce survives.mp4,2.7.19,Jayce,2.7.19
2.7.20 Jayce climbs out.mp4,2.7.20,Jayce,2.7.20
2.7.21 Ekko reconciles with Powder.mp4,2.7.21,Ekko,2.7.21
2.7.22 Jayce wasteland survivor.mp4,2.7.22,Jayce,2.7.22
2.7.23 Ekko Powder Heim reinvent anomoly.mp4,2.7.23,Ekko,2.7.23
2.7.24 Ekko discovers time travel.mp4,2.7.24,Ekko,2.7.24
2.7.25 Jayce climbs corrupted hexgate.mp4,2.7.25,Jayce,2.7.25
2.7.26 Ekko says goodbyes to AU.mp4,2.7.26,Ekko,2.7.26
2.7.27 Ekko Powder dance.mp4,2.7.27,Ekko,2.7.27
2.7.28 Ekko Powder kiss.mp4,2.7.28,Ekko,2.7.28
2.7.29 Jayce climbs to top.mp4,2.7.29,Jayce,2.7.29
2.7.30 Powder notices glitches_1.mp4,2.7.30,AU,2.7.30
2.7.31 Ekko Heim go back.mp4,2.7.31,Ekko,2.7.31
"2.7.32 Jayce meets mage, gets sent back.mp4",2.7.32,Jayce,2.7.32
2.7.33 Ekko Heim portal goes wrong.mp4,2.7.33,Ekko,2.7.33
2.7.34 Jayce teleported.mp4,2.7.34,Jayce,2.7.34
2.7.35 Heimerdinger dies.mp4,2.7.35,Heimerdinger,2.7.35
2.7.36 Ekko teleports back.mp4,2.7.36,Ekko,2.7.36
2.7.37 Powder visits Vi alone_1.mp4,2.7.37,AU,2.7.37
2.8.1 Mel awakens magic.mp4,2.8.1,Mel,2.8.1
2.8.2 Mel talks to illusionist.mp4,2.8.2,Mel,2.8.2
2.8.3 Mel learns about Ambessa.mp4,2.8.3,Mel,2.8.3
"2.8.4 Mel joins Black Rose, lone mage.mp4",2.8.4,Mel,2.8.4
2.8.5 Ambessa mourns Riktus.mp4,2.8.5,Ambessa,2.8.5
2.8.6 Singed revives Viktor.mp4,2.8.6,Singed,2.8.6
2.8.7 Viktor allies with Ambessa.mp4,2.8.7,Viktor,2.8.7
"2.8.8 Vi nightmare, wakes up.mp4",2.8.8,Vi,2.8.8
2.8.9 Caitlyn plans with Maddie.mp4,2.8.9,Caitlyn,2.8.9
2.8.10 Caitlyn tells Vi Jinx arrested.mp4,2.8.10,Caitlyn,2.8.10
2.8.11 Caitlyn visits Jinx.mp4,2.8.11,Caitlyn,2.8.11
2.8.12 Mel returns to Piltover.mp4,2.8.12,Mel,2.8.12
2.8.13 Jayce meets Mel mage.mp4,2.8.13,Jayce,2.8.13
2.8.14 Mel and Jayce argue.mp4,2.8.14,Mel,2.8.14
2.8.15 Jayce talks to Viktor robot.mp4,2.8.15,Jayce,2.8.15
2.8.16 Mel and Jayce vs Viktor.mp4,2.8.16,Mel,2.8.16
2.8.17 Jinx sees Silco in cell.mp4,2.8.17,Jinx,2.8.17
2.8.18 Vi frees Jinx and betrayed.mp4,2.8.18,Vi,2.8.18
2.8.19 Mel tells Jayce about magic.mp4,2.8.19,Mel,2.8.19
2.8.20 Jayce unites Piltover for war.mp4,2.8.20,Jayce,2.8.20
2.8.21 Piltover civilians flee.mp4,2.8.21,Piltover,2.8.21
2.8.22 Zaun joins war effort.mp4,2.8.22,Zaun,2.8.22
2.8.23 Jayce prepares at Hexgate.mp4,2.8.23,Jayce,2.8.23
2.8.24 Caitvi sex.mp4,2.8.24,Caitlyn,2.8.24
2.8.25 Mel pleads to Ambessa for peace.mp4,2.8.25,Mel,2.8.25
2.8.26 Ambessa shows Mel glorious evolution.mp4,2.8.26,Ambessa,2.8.26
2.8.27 Singed prepares to revive Viktor.mp4,2.8.27,Singed,2.8.27
2.8.28 Viktor sacrifices Skye.mp4,2.8.28,Viktor,2.8.28
2.8.29 Warwick dies_1.mp4,2.8.29,Warwick,2.8.29
2.8.30 Viktor takes chemicals.mp4,2.8.30,Viktor,2.8.30
2.8.31 Viktor resurrects.mp4,2.8.31,Viktor,2.8.31
2.8.32 Commune evolves.mp4,2.8.32,Zaun,2.8.32
2.8.33 Warwick revives_1.mp4,2.8.33,Warwick,2.8.33
2.8.34 Ambessa tricks Piltover.mp4,2.8.34,Ambessa,2.8.34
2.9.1 Jinx depressed.mp4,2.9.1,Jinx,2.9.1
2.9.2 Jinx cuts hair.mp4,2.9.2,Jinx,2.9.2
2.9.3 Jinx burns everything.mp4,2.9.3,Jinx,2.9.3
2.9.4 Zaun burns.mp4,2.9.4,Zaun,2.9.4
2.9.5 Jinx blows up.mp4,2.9.5,Jinx,2.9.5
2.9.6 Ekko talks to Jinx.mp4,2.9.6,Ekko,2.9.6
2.9.7 Piltover prepares for war.mp4,2.9.7,Piltover,2.9.7
2.9.8 Piltover defense team plans.mp4,2.9.8,Piltover,2.9.8
2.9.9 Vi saves enforcer Jinxer.mp4,2.9.9,Vi,2.9.9
2.9.10 Noxus attacks Piltover_1.mp4,2.9.10,Noxians,2.9.10
2.9.11 Mel commands army.mp4,2.9.11,Mel,2.9.11
2.9.12 Loris uses Hextech ballista.mp4,2.9.12,Loris,2.9.12
2.9.13 Ambessa charges into Piltover.mp4,2.9.13,Ambessa,2.9.13
2.9.14 Caitlyn shoots Ambessa.mp4,2.9.14,Caitlyn,2.9.14
2.9.15 Ambessa signals second wave.mp4,2.9.15,Ambessa,2.9.15
2.9.16 Noxians deploy Viktor_1.mp4,2.9.16,Noxians,2.9.16
2.9.17 Vi fights shimmer Noxians.mp4,2.9.17,Vi,2.9.17
2.9.18 Caitlyn joins war.mp4,2.9.18,Caitlyn,2.9.18
2.9.19 Loris dies.mp4,2.9.19,Loris,2.9.19
2.9.20 Enforcers use grey in war.mp4,2.9.20,Enforcers,2.9.20
2.9.21 Caitlyn fights Noxians.mp4,2.9.21,Caitlyn,2.9.21
2.9.22 Enforcer Steb plants bomb.mp4,2.9.22,Enforcers,2.9.22
2.9.23 Caitlyn defeated.mp4,2.9.23,Caitlyn,2.9.23
2.9.24 Enforcers lose war.mp4,2.9.24,Enforcers,2.9.24
2.9.25 Maddie betrays Caitlyn for Ambessa.mp4,2.9.25,Maddie,2.9.25
"2.9.26 Caitlyn struggles, Maddie shoots her and dies.mp4",2.9.26,Caitlyn,2.9.26
2.9.27 Mel enters war against Ambessa.mp4,2.9.27,Mel,2.9.27
"2.9.28 Piltover war pauses, Jinx arrives.mp4",2.9.28,Piltover,2.9.28
2.9.29 Jinx joins war.mp4,2.9.29,Jinx,2.9.29
2.9.30 Ekko and Firelights join war.mp4,2.9.30,Ekko,2.9.30
2.9.31 Zaun joins war.mp4,2.9.31,Zaun,2.9.31
2.9.32 Enforcers rejoin war.mp4,2.9.32,Enforcers,2.9.32
2.9.33 Vi saved by Jinx.mp4,2.9.33,Vi,2.9.33
2.9.34 Enforcer uses Hextech Ballista.mp4,2.9.34,Enforcers,2.9.34
2.9.35 Mel uses magic.mp4,2.9.35,Mel,2.9.35
2.9.36 Jayce shuts down Hexcore.mp4,2.9.36,Jayce,2.9.36
2.9.37 Viktor glorious evolution introduction.mp4,2.9.37,Viktor,2.9.37
2.9.38 Robots take over Piltover.mp4,2.9.38,Piltover,2.9.38
"2.9.39 Warwick evolution, attacks Vi and Jinx_1.mp4",2.9.39,Warwick,2.9.39
2.9.40 Mel and Caitlyn stand against Ambessa.mp4,2.9.40,Mel,2.9.40
2.9.41 Ambessa fights Caitlyn Mel.mp4,2.9.41,Ambessa,2.9.41
2.9.42 Viktor restores Hexgate.mp4,2.9.42,Viktor,2.9.42
2.9.43 Caitlyn loses against Ambessa.mp4,2.9.43,Caitlyn,2.9.43
"2.9.44 Mel defeats Ambessa, betrays Black Rose, Ambessa dies.mp4",2.9.44,Mel,2.9.44
"2.9.45 Vi and Ekko help Jinx fight Warwick, crashes.mp4",2.9.45,Vi,2.9.45
2.9.46 Vi and Jinx team up.mp4,2.9.46,Vi,2.9.46
2.9.47 Viktor flies up.mp4,2.9.47,Viktor,2.9.47
2.9.48 Vi and Jinx vs Warwick.mp4,2.9.48,Vi,2.9.48
2.9.49 Jayce and Viktor fight in the air.mp4,2.9.49,Jayce,2.9.49
2.9.50 Jayce loses against Viktor.mp4,2.9.50,Jayce,2.9.50
2.9.51 Viktor takes over Piltover.mp4,2.9.51,Viktor,2.9.51
2.9.52 Jayce gets brainwashed.mp4,2.9.52,Jayce,2.9.52
2.9.53 Jayce enters Glorious Evolution.mp4,2.9.53,Jayce,2.9.53
2.9.54 Viktor gains ultimate power.mp4,2.9.54,Viktor,2.9.54
2.9.55 Jayce pleads to Viktor.mp4,2.9.55,Jayce,2.9.55
2.9.56 Ekko last stand against Viktor.mp4,2.9.56,Ekko,2.9.56
2.9.57 Viktor takes over Jayce.mp4,2.9.57,Viktor,2.9.57
2.9.58 Ekko rewinds time.mp4,2.9.58,Ekko,2.9.58
2.9.59 Ekko throws anomoly at Viktor.mp4,2.9.59,Ekko,2.9.59
2.9.60 Viktor loses control.mp4,2.9.60,Viktor,2.9.60
2.9.61 Jayce shows Viktor vision.mp4,2.9.61,Jayce,2.9.61
2.9.62 Jayce finds out mage is Viktor.mp4,2.9.62,Jayce,2.9.62
2.9.63 Jayce backstory different timelines.mp4,2.9.63,Jayce,2.9.63
2.9.64 Jayce reconciles with Viktor.mp4,2.9.64,Jayce,2.9.64
2.9.65 Viktor undos Glorious Evolution.mp4,2.9.65,Viktor,2.9.65
2.9.66 Jayce and Viktor disappear.mp4,2.9.66,Jayce,2.9.66
2.9.67 Piltover Glorious Evolution aftermath.mp4,2.9.67,Piltover,2.9.67
2.9.68 Vi and Jinx injured after fight.mp4,2.9.68,Vi,2.9.68
2.9.69 Vi mourns Warwick.mp4,2.9.69,Vi,2.9.69
2.9.70 Jinx saves Vi from Warwick.mp4,2.9.70,Jinx,2.9.70
2.9.71 Vi watches Jinx die.mp4,2.9.71,Vi,2.9.71
2.9.72 Jinx blows herself up.mp4,2.9.72,Jinx,2.9.72
2.9.73 Vander puts Vi Powder to sleep.mp4,2.9.73,Vander,2.9.73
"2.9.74 Piltover war ends, Jayce hammer crumbles.mp4",2.9.74,Piltover,2.9.74
2.9.75 Piltover after war.mp4,2.9.75,Piltover,2.9.75
2.9.76 Piltover mourns losses.mp4,2.9.76,Piltover,2.9.76
2.9.77 Ekko alone.mp4,2.9.77,Ekko,2.9.77
2.9.78 Sevika joins Council.mp4,2.9.78,Sevika,2.9.78
2.9.79 Singed and Orianna.mp4,2.9.79,Singed,2.9.79
2.9.80 Raven investigates Hextech.mp4,2.9.80,Piltover,2.9.80
2.9.81 Mel returns to Noxus.mp4,2.9.81,Mel,2.9.81
2.9.82 Caitlyn investigates Hexgates.mp4,2.9.82,Caitlyn,2.9.82
2.9.83 Vi and Caitlyn settle.mp4,2.9.83,Vi,2.9.83
2.9.84 Airship leaves Piltover.mp4,2.9.84,Piltover,2.9.84
2.15.1 Ambessa injured pregnant wolf.mp4,2.15.1,Ambessa,2.15.1
2.15.2 Ambessa gets visions.mp4,2.15.2,Ambessa,2.15.2
2.15.3 Ambessa spawn.mp4,2.15.3,Ambessa,2.15.3
2.15.4 Ambessa protects lamb.mp4,2.15.4,Ambessa,2.15.4
2.15.5 Ambessa finds statues.mp4,2.15.5,Ambessa,2.15.5
2.15.6 Ambessa fights warrior.mp4,2.15.6,Ambessa,2.15.6
2.15.7 Ambessa's lamb dies.mp4,2.15.7,Ambessa,2.15.7
2.15.8 Ambessa cries.mp4,2.15.8,Ambessa,2.15.8
2.15.9 Ambessa becomes a wolf.mp4,2.15.9,Ambessa,2.15.9
2.15.10 Ambessa sits on throne.mp4,2.15.10,Ambessa,2.15.10
2.15.11 Ambessa war god.mp4,2.15.11,Ambessa,2.15.11
2.15.12 Ambessa gets back up.mp4,2.15.12,Ambessa,2.15.12
3.Swain_ the Noxian Grand General _ Champion Teaser - League of Legends 1080_1.mp4,3.Swain_,Noxus,3.0.1
3.0.1 Leblanc draws with magic_1.mp4,3.0.1,Noxus,3.0.2
3.0.2 Kat dances_1.mp4,3.0.2,Noxus,3.0.3
3.0.3 Kat vs Elise_1.mp4,3.0.3,Noxus,3.0.4
3.0.4 Mel in Noxus_1.mp4,3.0.4,Noxus,3.0.5
3.0.5 Darius vs Trundle_1.mp4,3.0.5,Noxus,3.0.6
3.0.6 Mel fights illusions_1.mp4,3.0.6,Noxus,3.0.7
3.0.7 Leblanc and Vlad plot_1.mp4,3.0.7,Noxus,3.0.8
3.10.1 Marcus looks at explosion.mp4,3.10.1,Marcus,3.10.1
4.5.1 Marcus lectures Caitlyn.mp4,4.5.1,Marcus,4.5.1
5.13.1 Marcus vs Silco.mp4,5.13.1,Marcus,5.13.1
7.17.1 Marcus dies.mp4,7.17.1,Marcus,7.17.1
10.20 Jinx silhouette walks across bridge teaser.mp4,10.20,Jinx,10.20.1
